nome;vencimento;rentabilidade;risco;preco_unitario;quantidade_disponivel;investimento_minimo;ir
nome;vencimento;rentabilidade;risco;preco_Unitario;quantidade_disponivel;investimento_minimo;ir
CDB BANCO MASTER S/A - SE...;03/09/2029;17.38;17;R$ 1.467.76;23;1467.76;15
CDB BANCO MASTER S/A - SE...;03/09/2029;17.38;17;R$ 1.093.38;2;1093.38;15
CDB BANCO MASTER S/A - SE...;11/09/2029;17.37;17;R$ 1.090.30;2;1090.3;15
CDB BANCO MASTER S/A - SE...;10/09/2029;17.37;17;R$ 1.091.00;33;1091;15
CDB BANCO MASTER S/A - SE...;12/09/2029;17.36;17;R$ 1.090.00;39;1090;15
CDB BANCO MASTER S/A - SE...;18/09/2029;17.35;17;R$ 1.110.64;3;1110.64;15
CDB BANCO MASTER S/A - SE...;24/09/2029;17.35;17;R$ 1.107.82;6;1107.82;15
CDB BANCO MASTER S/A - OU...;01/10/2029;17.34;17;R$ 1.116.89;23;1116.89;15
CDB BANCO MASTER S/A - SE...;27/09/2029;17.34;17;R$ 1.111.90;5;1111.9;15
CDB BANCO MASTER S/A - OU...;10/10/2029;17.32;17;R$ 1.232.78;2;1232.78;15
CDB BANCO MASTER S/A - OU...;08/10/2029;17.32;17;R$ 1.134.67;2;1134.67;15
CDB BANCO MASTER S/A - OU...;18/10/2029;17.31;17;R$ 1.126.52;6;1126.52;15
CDB BANCO MASTER S/A - OU...;16/10/2029;17.31;17;R$ 1.116.27;4;1116.27;15
CDB BANCO MASTER S/A - OU...;15/10/2029;17.31;17;R$ 1.117.57;6;1117.57;15
CDB BANCO MASTER S/A - OU...;25/10/2029;17.3;17;R$ 1.094.47;21;1094.47;15
CDB BANCO MASTER S/A - OU...;22/10/2029;17.3;17;R$ 1.229.20;1;1229.2;15
CDB BANCO MASTER S/A - OU...;24/10/2029;17.3;17;R$ 1.106.66;6;1106.66;15
CDB BANCO MASTER S/A - JA...;08/01/2030;17.2;19;R$ 1.192.84;1;1192.84;15
CDB BANCO MASTER S/A - JU...;06/09/2032;17.0;28;R$ 915.13;4;915.13;15
CDB MASTER - JUROS MENSAL...;05/05/2031;17.0;23;R$ 914.00;46;914;15
CDB BANCO MASTER S/A - JU...;12/07/2032;17.0;28;R$ 908.42;153;908.42;15
CDB MASTER - JUROS MENSAL...;11/03/2031;17.0;23;R$ 929.86;8;929.86;15
CDB BANCO MASTER S/A - JU...;15/03/2032;17.0;26;R$ 852.92;4;852.92;15
CDB MASTER - JUROS MENSAL...;29/05/2031;17.0;23;R$ 898.78;2;898.78;15
CDB MASTER - JUROS MENSAL...;14/04/2031;17.0;23;R$ 910.79;2;910.79;15
CDB BANCO MASTER S/A - JU...;18/08/2031;17.0;25;R$ 880.45;4;880.45;15
CDB BANCO MASTER S/A - JU...;18/10/2032;17.0;28;R$ 915.76;4;915.76;15
CDB BANCO MASTER S/A - JU...;19/10/2032;17.0;28;R$ 937.95;40;937.95;15
CDB MASTER - JUROS MENSAL...;05/01/2031;17.0;23;R$ 911.68;25;911.68;15
CDB BANCO MASTER S/A - JU...;02/08/2032;17.0;28;R$ 908.49;20;908.49;15
CDB BANCO MASTER S/A - JU...;14/12/2032;17.0;30;R$ 956.21;5;956.21;15
CDB MASTER - JUROS MENSAL...;24/03/2031;17.0;23;R$ 927.74;6;927.74;15
CDB BANCO MASTER S/A - JU...;25/10/2032;17.0;28;R$ 926.90;26;926.9;15
CDB BANCO MASTER S/A - SE...;13/09/2030;17.0;21;R$ 1.428.79;2;1428.79;15
CDB BANCO MASTER S/A - JU...;17/06/2030;17.0;19;R$ 1.024.60;2;1024.6;15
CDB BANCO MASTER S/A - JU...;15/12/2031;17.0;25;R$ 848.77;4;848.77;15
CDB BANCO MASTER S/A - JU...;20/09/2032;17.0;28;R$ 894.85;5;894.85;15
CDB BANCO MASTER S/A - JU...;13/05/2032;17.0;26;R$ 892.42;7;892.42;15
CDB MASTER - JUROS MENSAL...;10/02/2031;17.0;23;R$ 945.79;5;945.79;15
CDB MASTER - JUROS MENSAL...;07/04/2031;17.0;23;R$ 913.59;11;913.59;15
CDB BANCO MASTER S/A - JU...;25/08/2031;17.0;25;R$ 894.12;12;894.12;15
CDB BANCO MASTER S/A - JU...;10/10/2031;17.0;25;R$ 908.26;6;908.26;15
CDB BANCO MASTER S/A - JU...;05/07/2032;17.0;28;R$ 918.77;3;918.77;15
CDB BANCO MASTER S/A - JU...;01/11/2032;17.0;28;R$ 931.73;5;931.73;15
CDB BANCO MASTER S/A - JU...;20/12/2032;17.0;30;R$ 990.54;4;990.54;15
CDB BANCO MASTER S/A - JU...;02/08/2032;17.0;28;R$ 910.39;20;910.39;15
CDB BANCO MASTER S/A - JU...;22/08/2031;17.0;25;R$ 891.63;2;891.63;15
CDB BANCO MASTER S/A - JU...;28/06/2032;17.0;28;R$ 910.86;2;910.86;15
CDB BANCO MASTER S/A - JU...;26/04/2032;17.0;26;R$ 896.45;3;896.45;15
CDB BANCO MASTER S/A - JU...;26/01/2032;17.0;26;R$ 867.39;3;867.39;15
CDB BANCO MASTER S/A - JU...;01/09/2031;17.0;25;R$ 875.41;15;875.41;15
CDB BANCO MASTER S/A - JU...;14/06/2032;17.0;26;R$ 906.07;22;906.07;15
CDB BANCO MASTER S/A - JU...;22/09/2031;17.0;25;R$ 896.05;14;896.05;15
CDB BANCO MASTER S/A - JU...;01/12/2032;17.0;28;R$ 992.86;177;992.86;15
CDB BANCO MASTER S/A - JU...;18/03/2032;17.0;26;R$ 859.18;45;859.18;15
CDB BANCO MASTER S/A - AG...;07/08/2030;17.0;21;R$ 1.329.34;2;1329.34;15
CDB MASTER - JUROS MENSAL...;30/06/2031;17.0;25;R$ 897.33;30;897.33;15
CDB BANCO MASTER S/A - JU...;05/10/2032;17.0;28;R$ 911.30;43;911.3;15
CDB MASTER - JUROS MENSAL...;19/05/2031;17.0;23;R$ 899.89;12;899.89;15
CDB BANCO MASTER S/A - JU...;18/08/2031;17.0;25;R$ 880.45;10;880.45;15
CDB BANCO MASTER S/A - JU...;22/09/2031;17.0;25;R$ 894.26;42;894.26;15
CDB BANCO MASTER S/A - JU...;22/04/2032;17.0;26;R$ 890.05;4;890.05;15
CDB BANCO MASTER S/A - JU...;06/10/2032;17.0;28;R$ 910.74;3;910.74;15
CDB BANCO MASTER S/A - JU...;19/04/2032;17.0;26;R$ 894.62;11;894.62;15
CDB MASTER - JUROS MENSAL...;11/07/2031;17.0;25;R$ 866.82;7;866.82;15
CDB BANCO MASTER S/A - JU...;13/10/2032;17.0;28;R$ 909.84;68;909.84;15
CDB BANCO MASTER S/A - JU...;11/10/2032;17.0;28;R$ 905.21;50;905.21;15
CDB BANCO MASTER S/A - JU...;29/08/2031;17.0;25;R$ 881.77;14;881.77;15
CDB BANCO MASTER S/A - JU...;31/05/2032;17.0;26;R$ 899.13;3;899.13;15
CDB BANCO MASTER S/A - JU...;04/06/2032;17.0;26;R$ 906.79;4;906.79;15
CDB BANCO MASTER S/A - JU...;19/04/2032;17.0;26;R$ 890.94;20;890.94;15
CDB BANCO MASTER S/A - JU...;12/07/2032;17.0;28;R$ 902.79;3;902.79;15
CDB BANCO MASTER S/A - JU...;12/07/2032;17.0;28;R$ 902.79;185;902.79;15
CDB BANCO MASTER S/A - JU...;10/11/2032;17.0;28;R$ 922.49;20;922.49;15
CDB MASTER - JUROS MENSAL...;19/10/2030;17.0;21;R$ 885.94;2;885.94;15
CDB MASTER - JUROS MENSAL...;03/10/2030;17.0;21;R$ 884.55;47;884.55;15
CDB BANCO MASTER S/A - JU...;29/11/2032;17.0;28;R$ 971.07;12;971.07;15
CDB BANCO MASTER S/A - JU...;26/07/2032;17.0;28;R$ 913.23;5;913.23;15
CDB BANCO MASTER S/A - SE...;10/09/2030;17.0;21;R$ 1.431.47;3;1431.47;15
CDB BANCO MASTER S/A - JU...;01/04/2032;17.0;26;R$ 879.56;2;879.56;15
CDB MASTER - JUROS MENSAL...;22/12/2030;17.0;23;R$ 917.29;23;917.29;15
CDB MASTER - JUROS MENSAL...;28/07/2031;17.0;25;R$ 871.10;5;871.1;15
CDB MASTER - JUROS MENSAL...;23/08/2030;17.0;21;R$ 889.09;21;889.09;15
CDB MASTER - JUROS MENSAL...;16/06/2031;17.0;23;R$ 878.42;7;878.42;15
CDB BANCO MASTER S/A - JU...;17/11/2031;17.0;25;R$ 872.63;3;872.63;15
CDB BANCO MASTER S/A - JU...;19/04/2032;17.0;26;R$ 883.58;7;883.58;15
CDB BANCO MASTER S/A - JU...;13/11/2031;17.0;25;R$ 875.51;42;875.51;15
CDB MASTER - JUROS MENSAL...;22/05/2031;17.0;23;R$ 910.22;9;910.22;15
CDB BANCO MASTER S/A - JU...;21/05/2032;17.0;26;R$ 899.21;14;899.21;15
CDB MASTER - JUROS MENSAL...;02/12/2030;17.0;21;R$ 898.77;11;898.77;15
CDB MASTER - JUROS MENSAL...;10/04/2031;17.0;23;R$ 912.94;5;912.94;15
CDB MASTER - JUROS MENSAL...;24/10/2030;17.0;21;R$ 894.45;33;894.45;15
CDB BANCO MASTER S/A - JU...;19/03/2032;17.0;26;R$ 880.68;4;880.68;15
CDB MASTER - JUROS MENSAL...;06/06/2031;17.0;23;R$ 878.21;30;878.21;15
CDB MASTER - JUROS MENSAL...;28/09/2030;17.0;21;R$ 897.66;10;897.66;15
CDB BANCO MASTER S/A - JU...;29/09/2031;17.0;25;R$ 911.06;19;911.06;15
CDB BANCO MASTER S/A - JU...;07/06/2032;17.0;26;R$ 897.68;26;897.68;15
CDB MASTER - JUROS MENSAL...;25/07/2031;17.0;25;R$ 872.14;2;872.14;15
CDB MASTER - JUROS MENSAL...;14/12/2030;17.0;21;R$ 926.84;33;926.84;15
CDB BANCO MASTER S/A - JU...;01/11/2032;17.0;28;R$ 922.09;5;922.09;15
CDB MASTER - JUROS MENSAL...;16/09/2030;17.0;21;R$ 886.60;16;886.6;15
CDB BANCO MASTER S/A - JU...;12/09/2031;17.0;25;R$ 881.58;22;881.58;15
CDB MASTER - JUROS MENSAL...;26/05/2031;17.0;23;R$ 900.46;2;900.46;15
CDB BANCO MASTER S/A - JU...;27/10/2031;17.0;25;R$ 904.22;11;904.22;15
CDB MASTER - JUROS MENSAL...;13/02/2031;17.0;23;R$ 934.20;20;934.2;15
CDB MASTER - JUROS MENSAL...;23/09/2030;17.0;21;R$ 891.38;37;891.38;15
CDB BANCO MASTER S/A - JU...;16/08/2032;17.0;28;R$ 878.24;5;878.24;15
CDB BANCO MASTER S/A - JU...;29/01/2032;17.0;26;R$ 852.82;33;852.82;15
CDB BANCO MASTER S/A - JU...;27/10/2031;17.0;25;R$ 904.22;22;904.22;15
CDB MASTER - JUROS MENSAL...;14/11/2030;17.0;21;R$ 913.46;3;913.46;15
CDB BANCO MASTER S/A - JU...;15/01/2032;17.0;26;R$ 843.99;13;843.99;15
CDB BANCO MASTER S/A - JU...;16/11/2032;17.0;28;R$ 927.87;4;927.87;15
CDB BANCO MASTER S/A - JU...;25/08/2031;17.0;25;R$ 885.25;13;885.25;15
CDB BANCO MASTER S/A - JU...;26/08/2031;17.0;25;R$ 888.75;7;888.75;15
CDB BANCO MASTER S/A - JU...;21/07/2032;17.0;28;R$ 911.12;4;911.12;15
CDB MASTER - JUROS MENSAL...;23/05/2031;17.0;23;R$ 909.65;5;909.65;15
CDB MASTER - JUROS MENSAL...;08/08/2030;16.54;21;R$ 901.74;31;901.74;15
CDB BANCO MASTER S/A - JU...;06/09/2032;16.23;28;R$ 932.81;7;932.81;15
CDB PINE - JURO MENSAL - ...;17/12/2027;16.1;5;R$ 1.001.19;90;1001.19;15
CDB BANCO MASTER S/A - FE...;24/02/2027;16.0;9;R$ 1.462.55;2;1462.55;18
CDB MASTER - JUROS MENSAL...;08/08/2030;16.0;21;R$ 917.38;2;917.38;15
CDB BANCO MASTER S/A - JU...;18/10/2032;16.0;28;R$ 952.01;1;952.01;15
CDB WILL FINANCEIRA (MAST...;11/08/2025;16.0;11;R$ 1.154.76;9;1154.76;23
CDB BANCO MASTER S/A - MA...;30/03/2027;16.0;9;R$ 1.475.45;1;1475.45;18
CDB BANCO MASTER S/A - JU...;25/10/2032;16.0;28;R$ 963.25;31;963.25;15
CDB WILL FINANCEIRA (MAST...;26/10/2026;16.0;11;R$ 1.068.59;5;1068.59;18
CDB BANCO MASTER S/A - JU...;02/08/2032;16.0;28;R$ 953.55;15;953.55;15
CDB FACTA FINANCEIRA - OU...;31/10/2025;16.0;11;R$ 1.378.27;9;1378.27;23
CDB BANCO MASTER S/A - MA...;15/03/2027;16.0;9;R$ 1.507.72;1;1507.72;18
CDB BANCO MASTER S/A - MA...;16/05/2029;16.0;16;R$ 1.233.99;6;1233.99;15
CDB BANCO MASTER S/A - JU...;20/07/2032;16.0;28;R$ 929.37;1;929.37;15
CDB MASTER - JUROS MENSAL...;04/07/2031;16.0;25;R$ 909.69;9;909.69;15
CDB BANCO MASTER S/A - JU...;25/08/2031;16.0;25;R$ 917.22;3;917.22;15
CDB PINE - MAR/2026;12/03/2026;15.52;2;R$ 1.590.22;2;1590.22;20
CDB BANCO RODOBENS S/A - ...;20/05/2026;15.52;2;R$ 1.428.39;35;1428.39;20
CDB BMG - ABR/2026;06/04/2026;15.52;2;R$ 1.52;19096;1.52;20
CDB AGIBANK - MAI/2026;11/05/2026;15.52;2;R$ 1.521.04;17;1521.04;20
CDB PINE - JAN/2026;20/01/2026;15.52;2;R$ 1.523.70;22;1523.7;20
CDB BMG - MAI/2026;06/05/2026;15.52;2;R$ 1.69;134431;1.69;20
CDB BMG - MAI/2026;21/05/2026;15.52;2;R$ 1.69;15619;1.69;20
CDB BANCO DIGIMAIS S.A. -...;13/05/2026;15.5;7;R$ 1.465.34;51;1465.34;20
CDB DM FINANCEIRA - MAI/2...;11/05/2026;15.5;11;R$ 1.113.58;2;1113.58;20
CDB BANCO DIGIMAIS S.A. -...;20/05/2026;15.5;7;R$ 1.458.53;75;1458.53;20
CDB BANCO XP S.A. - JUN/2...;20/06/2026;15.25;2;R$ 1.000.00;29543;1000;18
CDB PICPAY - JUN/2026;20/06/2026;15.02;2;R$ 1.000.00;9510;1000;18
CDB PINE - NOV/2026;03/11/2026;15.01;3;R$ 1.068.12;25;1068.12;18
CDB AGIBANK - AGO/2026;25/08/2026;15.01;3;R$ 1.489.69;21;1489.69;18
CDB BS2 - SET/2026;24/09/2026;15.01;3;R$ 1.436.55;14;1436.55;18
CDB BANCO C6 CONSIGNADO S...;19/10/2026;15.01;3;R$ 1.201.12;5;1201.12;18
CDB BMG - SET/2026;28/09/2026;15.01;3;R$ 1.40;49691;1.4;18
CDB ORIGINAL - JUN/2026;29/06/2026;15.01;8;R$ 1.443.79;12;1443.79;18
CDB OMNI FINANCEIRA - OUT...;19/10/2026;15.01;8;R$ 1.200.53;14;1200.53;18
CDB BMG - AGO/2026;28/08/2026;15.01;3;R$ 1.19;3813;1.19;18
CDB BMG - DEZ/2026;09/12/2026;15.01;3;R$ 1.22;3238;1.22;18
CDB ORIGINAL - JUL/2026;07/07/2026;15.01;8;R$ 1.483.48;8;1483.48;18
CDB ORIGINAL - OUT/2026;09/10/2026;15.01;8;R$ 1.066.50;18;1066.5;18
CDB FATOR - AGO/2026;06/08/2026;15.01;11;R$ 2.365.53;13;2365.53;18
CDB ORIGINAL - OUT/2026;05/10/2026;15.01;8;R$ 1.195.44;56;1195.44;18
CDB PINE - JAN/2027;27/01/2027;15.01;4;R$ 1.406.31;1;1406.31;18
CDB BMG - NOV/2026;16/11/2026;15.01;3;R$ 1.33;33500;1.33;18
CDB PINE - NOV/2026;25/11/2026;15.01;3;R$ 1.436.57;14;1436.57;18
CDB OMNI FINANCEIRA - JUL...;03/07/2026;15.01;8;R$ 1.098.34;4;1098.34;18
CDB BANCO C6 S.A. - DEZ/2...;18/12/2025;15.0;2;R$ 1.000.00;29617;1000;20
CDB FACTA FINANCEIRA - AG...;19/08/2026;15.0;11;R$ 1.079.47;3;1079.47;18
CDB BANCO ANDBANK (BRASIL...;03/11/2026;15.0;3;R$ 1.061.75;5;1061.75;18
CDB NBC BANK - MAI/2027;20/05/2027;15.0;4;R$ 1.388.83;17;1388.83;18
CDB FACTA FINANCEIRA - AG...;17/08/2026;15.0;11;R$ 1.080.16;2;1080.16;18
CDB BANCO ANDBANK (BRASIL...;13/10/2026;15.0;3;R$ 1.064.53;6;1064.53;18
CDB BANCO ANDBANK (BRASIL...;09/11/2026;15.0;3;R$ 1.178.86;6;1178.86;18
CDB STELLANTIS FINANCIAME...;18/12/2025;14.92;2;R$ 10.000.00;9785;10000;20
CDB STELLANTIS FINANCIAME...;18/10/2025;14.9;2;R$ 10.000.00;9509;10000;23
CDB STELLANTIS FINANCIAME...;18/09/2025;14.86;2;R$ 10.000.00;4907;10000;23
CDB RP FINANCEIRA S.A - S...;20/06/2026;14.85;11;R$ 1.000.00;981;1000;18
CDB STELLANTIS FINANCIAME...;19/08/2025;14.83;2;R$ 10.000.00;1920;10000;23
CDB BANCO VOLKSWAGEN - DE...;18/12/2025;14.8;2;R$ 5.000.00;4995;5000;20
CDB BANCO VOLKSWAGEN - SE...;18/09/2025;14.8;2;R$ 5.000.00;4840;5000;23
CDB MERCADO LIVRE CFI - D...;18/12/2025;14.78;2;R$ 1.000.00;4890;1000;20
CDB BANCO XP S.A. - DEZ/2...;18/12/2025;14.75;2;R$ 1.000.00;99126;1000;20
CDB STELLANTIS FINANCIAME...;20/07/2025;14.75;2;R$ 10.000.00;1223;10000;23
CDB NBC BANK - JUN/2026;20/06/2026;14.73;2;R$ 1.000.00;8000;1000;18
CDB DAYCOVAL - DEZ/2025;18/12/2025;14.72;2;R$ 20.000.00;15000;20000;20
CDB STELLANTIS FINANCIAME...;20/06/2026;14.68;2;R$ 10.000.00;19947;10000;18
CDB MERCADO LIVRE CFI - S...;18/09/2025;14.68;2;R$ 1.000.00;5000;1000;23
CDB BANCO XP S.A. - SET/2...;18/09/2025;14.65;2;R$ 1.000.00;99524;1000;23
CDB DAYCOVAL - OUT/2025;18/10/2025;14.63;2;R$ 20.000.00;14980;20000;23
CDB BANCO PAN S/A - DEZ/2...;18/12/2025;14.63;2;R$ 1.000.00;5000;1000;20
CDB DAYCOVAL - SET/2025;18/09/2025;14.62;2;R$ 20.000.00;14980;20000;23
CDB MERCADO LIVRE CFI - A...;19/08/2025;14.55;2;R$ 1.000.00;4941;1000;23
CDB BTG PACTUAL - DEZ/202...;17/12/2025;14.55;2;R$ 1.000.00;499923;1000;23
CDB DAYCOVAL - AGO/2025;19/08/2025;14.52;2;R$ 20.000.00;15000;20000;23
CDB PICPAY - DEZ/2026;12/12/2026;14.51;3;R$ 1.000.00;9999;1000;18
CDB BANCO BBC - GRUPO SIM...;18/10/2025;14.5;2;R$ 1.000.00;15000;1000;23
CDB BANCO BBC - GRUPO SIM...;18/12/2025;14.5;2;R$ 1.000.00;15000;1000;20
CDB BANCO PAN S/A - SET/2...;18/09/2025;14.5;2;R$ 1.000.00;4950;1000;23
CDB DAYCOVAL - JUL/2025;20/07/2025;14.5;2;R$ 20.000.00;14757;20000;23
CDB BANCO ABC - DEZ/2025;18/12/2025;14.49;2;R$ 1.000.00;994;1000;20
CDB BTG PACTUAL - SET/202...;18/09/2025;14.45;2;R$ 1.000.00;499949;1000;23
CDB MERCADO LIVRE CFI - J...;20/07/2025;14.45;2;R$ 1.000.00;4795;1000;23
CDB BANCO XP S.A. - JUN/2...;20/06/2027;14.4;4;R$ 1.000.00;44256;1000;15
CDB BANCO ANDBANK (BRASIL...;20/06/2027;14.3;4;R$ 1.000.00;9242;1000;15
CDB STELLANTIS FINANCIAME...;12/12/2026;14.27;3;R$ 10.000.00;20000;10000;18
CDB BANCO BBC - GRUPO SIM...;12/12/2026;14.25;3;R$ 1.000.00;15000;1000;18
CDB BANCO ABC - JUN/2026;20/06/2026;14.22;2;R$ 1.000.00;917;1000;18
CDB BANCO BBC - GRUPO SIM...;20/06/2027;14.2;4;R$ 1.000.00;14951;1000;15
CDB BANCO C6 S.A. - JUN/2...;20/06/2027;14.2;4;R$ 1.000.00;29609;1000;15
CDB BANCO BBC - GRUPO SIM...;07/12/2027;14.15;5;R$ 1.000.00;14848;1000;15
CDB BANCO BBC - GRUPO SIM...;19/06/2028;14.15;7;R$ 1.000.00;13798;1000;15
CDB NBC BANK - JUN/2027;20/06/2027;14.14;4;R$ 1.000.00;7844;1000;15
CDB ORIGINAL - JUN/2027;20/06/2027;14.1;9;R$ 1.000.00;10000;1000;15
CDB PICPAY - JUN/2027;20/06/2027;14.1;4;R$ 1.000.00;9815;1000;15
CDB RP FINANCEIRA S.A - S...;20/06/2027;14.07;11;R$ 1.000.00;1975;1000;15
CDB BANCO ANDBANK (BRASIL...;19/06/2028;14.05;7;R$ 1.000.00;9412;1000;15
LCA BTG PACTUAL - DEZ/202...;19/12/2025;14.0;2;R$ 1.056.79;7;1056.79;20
CDB STELLANTIS FINANCIAME...;20/06/2027;13.95;4;R$ 10.000.00;9939;10000;15
CDB BANCO TRIANGULO S/A -...;19/06/2029;13.91;16;R$ 1.000.00;2937;1000;15
CDB BANCO RODOBENS S/A - ...;19/06/2030;13.84;12;R$ 1.000.00;4784;1000;15
CDB NBC BANK - JUN/2028;19/06/2028;13.83;7;R$ 1.000.00;7977;1000;15
CDB BANCO C6 S.A. - JUN/2...;19/06/2028;13.8;7;R$ 1.000.00;29975;1000;15
CDB BANCO C6 S.A. - JUN/2...;19/06/2029;13.8;9;R$ 1.000.00;29897;1000;15
CDB ORIGINAL - JUN/2028;19/06/2028;13.79;12;R$ 1.000.00;9975;1000;15
CDB BANCO XP S.A. - JUN/2...;19/06/2030;13.75;12;R$ 1.000.00;49661;1000;15
CDB STELLANTIS FINANCIAME...;19/06/2029;13.72;9;R$ 10.000.00;4990;10000;15
CDB STELLANTIS FINANCIAME...;19/06/2028;13.7;7;R$ 10.000.00;4941;10000;15
CDB NBC BANK - JUN/2029;19/06/2029;13.61;9;R$ 1.000.00;7984;1000;15
CDB BANCO RODOBENS S/A - ...;19/06/2028;13.6;7;R$ 1.000.00;5000;1000;15
CDB BANCO XP S.A. - JUN/2...;19/06/2029;13.6;9;R$ 1.000.00;49901;1000;15
CDB BANCO INDUSTRIAL DO B...;20/06/2027;13.5;4;R$ 1.000.00;4538;1000;15
CDB BANCO XP S.A. - JUN/2...;19/06/2028;13.45;7;R$ 1.000.00;49975;1000;15
CDB BANCO BV S/A - JUN/20...;19/06/2029;13.21;9;R$ 100.00;9951;100;15
CDB BANCO BV S/A - JUN/20...;19/06/2029;13.21;9;R$ 1.000.00;1000;1000;15
CDB PINE - JURO MENSAL - ...;19/06/2028;13.0;7;R$ 1.000.00;19611;1000;15
LCA BANCO CNH CAPITAL S/A...;19/06/2029;12.4;9;R$ 1.000.00;3957;1000;15
LCA BANCO CNH CAPITAL S/A...;30/05/2028;12.4;7;R$ 992.42;42564;992.42;15
LCA BANCO CNH CAPITAL S/A...;20/06/2027;12.35;4;R$ 1.000.00;3873;1000;15
LCA BANCO BOCOM BBM SA - ...;20/06/2026;12.33;2;R$ 50.000.00;260;50000;18
LCA BTG PACTUAL - JUN/202...;20/06/2026;12.32;2;R$ 1.000.00;13323;1000;18
LCA BANCO CNH CAPITAL S/A...;19/06/2028;12.3;7;R$ 1.000.00;4768;1000;15
LCI BANCO RODOBENS S/A - ...;12/12/2026;12.29;3;R$ 1.000.00;4669;1000;18
LCA ORIGINAL - DEZ/2026;12/12/2026;12.28;8;R$ 1.000.00;14915;1000;18
LCA BTG PACTUAL - MAR/202...;17/03/2026;12.28;2;R$ 1.000.00;14202;1000;20
LCA BANCO BV S/A - JUN/20...;20/06/2026;12.22;2;R$ 100.00;18868;100;18
LCI CEF - NOV/2026;27/11/2026;12.2;3;R$ 266.199.70;1;266199.7;18
LCI BANCO RODOBENS S/A - ...;20/06/2026;12.19;2;R$ 1.000.00;4630;1000;18
LCI CEF - NOV/2025;28/11/2025;12.14;2;R$ 266.188.83;1;266188.83;23
LCI CEF - OUT/2026;21/10/2026;12.02;3;R$ 269.166.65;8;269166.65;18
LCI CEF - NOV/2025;06/11/2025;11.98;2;R$ 267.658.04;1;267658.04;23
LCA BTG PACTUAL - DEZ/202...;12/12/2026;11.91;3;R$ 1.000.00;15000;1000;18
LCA BANCO BOCOM BBM SA - ...;12/12/2026;11.91;3;R$ 50.000.00;325;50000;18
LCA BANCO ABC - JUN/2027;20/06/2027;11.89;4;R$ 1.000.00;191;1000;15
LCA BANCO BOCOM BBM SA - ...;20/06/2027;11.88;4;R$ 50.000.00;575;50000;15
LCI BANCO RODOBENS S/A - ...;20/06/2027;11.85;4;R$ 1.000.00;5000;1000;15
CDB BANCO MASTER S/A - MA...;03/05/2027;17.48;7;R$ 1.329.55;3;1329.55;18
LCA BANCO BOCOM BBM SA - ...;19/06/2029;11.64;9;R$ 50.000.00;265;50000;15
LCA BANCO BV S/A - JUN/20...;20/06/2027;11.6;4;R$ 100.00;9955;100;15
LCA BANCO BV S/A - JUN/20...;19/06/2029;11.57;9;R$ 100.00;8271;100;15
LCA BANCO BOCOM BBM SA - ...;19/06/2028;11.53;7;R$ 50.000.00;500;50000;15
LCI BANCO SANTANDER SA - ...;01/07/2026;11.5;3;R$ 0.01;469737;0.01;18
LCA BANCO BV S/A - JURO M...;20/06/2027;11.5;4;R$ 100.00;9099;100;15
LCA BANCO BV S/A - JURO M...;26/03/2029;11.1;9;R$ 102.01;741574;102.01;15
LCI BANCO SANTANDER SA - ...;02/01/2026;11.08;2;R$ 0.01;1237585;0.01;20
LCI BANCO SANTANDER SA - ...;02/01/2026;11.08;2;R$ 0.01;33843467;0.01;20
LCI BANCO SANTANDER SA - ...;02/01/2026;11.08;2;R$ 0.01;63902;0.01;20
LCI BANCO SANTANDER SA - ...;02/01/2026;11.08;2;R$ 0.01;48137592;0.01;20
LCA BANCO SANTANDER SA - ...;02/07/2025;11.0;2;R$ 0.01;923515;0.01;23
CDB BANCO MASTER S/A - MA...;15/03/2027;15.78;7;R$ 1.393.67;1;1393.67;18
CDB PINE - JUL/2025;26/07/2025;15.28;2;R$ 1.497.52;1;1497.52;23
CDB BMG - JUL/2025;21/07/2025;15.28;2;R$ 1.25;13457;1.25;23
CDB FIBRA - NOV/2025;02/11/2025;15.28;7;R$ 1.469.29;37;1469.29;23
CDB PINE - SET/2025;22/09/2025;15.28;2;R$ 1.639.74;4;1639.74;23
CDB BANCO BARI DE INVESTI...;20/05/2026;15.28;5;R$ 1.482.96;26;1482.96;20
CDB DAYCOVAL - MAR/2026;16/03/2026;15.28;2;R$ 1.409.95;44;1409.95;20
CDB FIBRA - MAR/2026;24/03/2026;15.28;7;R$ 1.539.18;4;1539.18;20
CDB BANCO RODOBENS S/A - ...;20/10/2025;15.28;2;R$ 1.075.99;16;1075.99;23
CDB BANCO C6 CONSIGNADO S...;16/12/2025;15.28;2;R$ 1.548.11;67;1548.11;23
CDB AGIBANK - AGO/2025;16/08/2025;15.28;2;R$ 1.577.92;1;1577.92;23
CDB AGIBANK - AGO/2025;23/08/2025;15.28;2;R$ 1.583.17;1;1583.17;23
CDB BANCO BARI DE INVESTI...;13/05/2026;15.28;5;R$ 1.487.14;60;1487.14;20
CDB BANCO MASTER S/A - JU...;25/06/2029;15.27;13;R$ 1.163.56;15;1163.56;15
CDB BANCO MASTER S/A - SE...;24/09/2029;15.13;13;R$ 1.033.56;8;1033.56;15
CDB BANCO MASTER S/A - SE...;18/09/2029;15.13;13;R$ 1.141.76;8;1141.76;15
CDB BANCO MASTER S/A - SE...;24/09/2029;15.13;13;R$ 1.146.18;150;1146.18;15
CDB BANCO MASTER S/A - OU...;15/10/2029;15.09;13;R$ 1.153.26;7;1153.26;15
CDB BANCO MASTER S/A - OU...;23/10/2029;15.08;13;R$ 1.159.65;1;1159.65;15
CDB BANCO MASTER S/A - NO...;07/11/2029;15.06;13;R$ 1.139.04;2;1139.04;15
CDB BANCO MASTER S/A - NO...;05/11/2029;15.06;13;R$ 1.005.97;7;1005.97;15
CDB BANCO MASTER S/A - NO...;19/11/2029;15.04;13;R$ 1.126.83;5;1126.83;15
CDB BANCO MASTER S/A - NO...;29/11/2029;15.03;13;R$ 1.120.11;10;1120.11;15
CDB BANCO MASTER S/A - DE...;03/12/2029;15.02;13;R$ 1.122.61;3;1122.61;15
CDB BANCO MASTER S/A - DE...;12/12/2029;15.01;13;R$ 1.106.85;2;1106.85;15
CDB BANCO MASTER S/A - DE...;19/12/2029;14.999999999999998;13;R$ 1.098.05;5;1098.05;15
CDB BANCO MASTER S/A - JA...;15/01/2030;14.97;14;R$ 1.099.52;24;1099.52;15
CDB BANCO MASTER S/A - JA...;28/01/2030;14.95;14;R$ 1.099.04;6;1099.04;15
CDB BANCO MASTER S/A - FE...;06/02/2030;14.94;14;R$ 1.095.79;19;1095.79;15
CDB AGIBANK - JAN/2027;04/01/2027;14.93;3;R$ 1.127.27;29;1127.27;18
CDB AGIBANK - AGO/2026;27/08/2026;14.93;2;R$ 1.532.37;3;1532.37;18
CDB FIBRA - AGO/2026;24/08/2026;14.93;7;R$ 1.487.48;5;1487.48;18
CDB AGIBANK - AGO/2026;08/08/2026;14.93;2;R$ 1.531.37;46;1531.37;18
CDB BANCO MASTER S/A - FE...;14/02/2030;14.93;14;R$ 1.090.76;33;1090.76;15
CDB ORIGINAL - JUN/2026;22/06/2026;14.93;7;R$ 1.571.81;6;1571.81;18
CDB FIBRA - DEZ/2026;12/12/2026;14.93;7;R$ 1.000.00;19304;1000;18
CDB AGIBANK - JUL/2026;05/07/2026;14.93;2;R$ 1.505.81;30;1505.81;18
CDB BANCO RODOBENS S/A - ...;12/12/2026;14.93;2;R$ 1.000.00;3678;1000;18
CDB ORIGINAL - JUN/2026;27/06/2026;14.93;7;R$ 1.575.54;29;1575.54;18
CDB ORIGINAL - JUN/2026;21/06/2026;14.93;7;R$ 1.549.11;5;1549.11;18
CDB FIBRA - MAI/2027;13/05/2027;14.93;8;R$ 1.443.36;10;1443.36;18
CDB FIBRA - AGO/2026;11/08/2026;14.93;7;R$ 1.136.44;49;1136.44;18
CDB BANCO MASTER S/A - FE...;18/02/2030;14.92;14;R$ 1.092.19;3;1092.19;15
CDB BANCO MASTER S/A - MA...;25/03/2030;14.88;14;R$ 1.093.33;2;1093.33;15
CDB BANCO C6 S.A. - AGO/2...;17/08/2026;14.88;8;R$ 1.000.00;29677;1000;18
CDB FIBRA - NOV/2025;21/11/2025;14.86;7;R$ 1.365.29;24;1365.29;23
CDB BANCO MASTER S/A - AB...;10/04/2030;14.86;14;R$ 1.112.51;8;1112.51;15
CDB BANCO MASTER S/A - AB...;11/04/2030;14.86;14;R$ 1.096.75;6;1096.75;15
CDB BANCO MASTER S/A - AB...;22/04/2030;14.85;14;R$ 1.109.86;1;1109.86;15
CDB BANCO MASTER S/A - AB...;18/04/2030;14.85;14;R$ 1.104.75;3;1104.75;15
CDB BANCO MASTER S/A - AB...;17/04/2030;14.85;14;R$ 1.108.32;4;1108.32;15
CDB BANCO C6 S.A. - NOV/2...;28/11/2025;14.84;2;R$ 1.628.32;1;1628.32;23
CDB BANCO MASTER S/A - MA...;02/05/2030;14.84;14;R$ 1.116.45;13;1116.45;15
CDB BANCO MASTER S/A - AB...;29/04/2030;14.84;14;R$ 1.105.25;10;1105.25;15
CDB BANCO MASTER S/A - MA...;07/05/2030;14.83;14;R$ 1.111.62;1;1111.62;15
CDB BANCO MASTER S/A - MA...;16/05/2030;14.82;14;R$ 1.092.11;3;1092.11;15
CDB BANCO MASTER S/A - JU...;04/06/2030;14.8;14;R$ 1.086.82;72;1086.82;15
CDB BANCO PAN S/A - ABR/2...;29/04/2027;14.78;3;R$ 1.429.33;171;1429.33;18
CDB BANCO PAN S/A - OUT/2...;01/10/2026;14.78;2;R$ 1.607.03;15;1607.03;18
CDB PINE - MAI/2026;15/05/2026;14.68;2;R$ 1.011.51;122;1011.51;20
CDB FIBRA - JAN/2026;12/01/2026;14.66;7;R$ 1.094.41;57;1094.41;20
CDB FIBRA - JAN/2026;18/01/2026;14.63;7;R$ 1.488.87;50;1488.87;20
CDB BANCO C6 CONSIGNADO S...;19/01/2026;14.63;2;R$ 1.161.53;1;1161.53;20
CDB BANCO PAN S/A - JAN/2...;20/01/2026;14.62;1;R$ 1.539.26;17;1539.26;20
CDB PINE - JAN/2026;22/01/2026;14.62;2;R$ 1.710.28;1;1710.28;20
CDB AGIBANK - JAN/2026;23/01/2026;14.61;2;R$ 1.050.59;12;1050.59;20
CDB BANCO PAN S/A - JAN/2...;27/01/2026;14.6;1;R$ 1.539.61;7;1539.61;20
CDB BMG - JAN/2026;25/01/2026;14.6;2;R$ 1.53;130847;1.53;20
CDB BANCO C6 CONSIGNADO S...;02/02/2026;14.58;2;R$ 1.328.65;3;1328.65;20
CDB BANCO PAN S/A - FEV/2...;08/02/2026;14.56;1;R$ 1.515.55;23;1515.55;20
CDB PINE - FEV/2026;06/02/2026;14.56;2;R$ 1.678.17;9;1678.17;20
CDB PINE - FEV/2026;18/02/2026;14.52;2;R$ 1.153.84;136;1153.84;20
CDB DAYCOVAL - DEZ/2026;12/12/2026;14.5;2;R$ 20.000.00;14621;20000;18
CDB AGIBANK - FEV/2026;26/02/2026;14.5;2;R$ 1.150.22;4;1150.22;20
CDB PINE - FEV/2026;25/02/2026;14.5;2;R$ 1.141.81;26;1141.81;20
CDB AGIBANK - MAR/2026;02/03/2026;14.49;2;R$ 1.161.55;1;1161.55;20
CDB AGIBANK - MAR/2026;06/03/2026;14.48;2;R$ 1.149.93;10;1149.93;20
CDB PINE - MAR/2026;04/03/2026;14.48;2;R$ 1.150.91;12;1150.91;20
CDB PINE - ABR/2026;29/04/2026;14.48;2;R$ 1.018.23;5;1018.23;20
CDB PINE - MAR/2026;06/03/2026;14.48;2;R$ 1.669.98;1;1669.98;20
CDB BANCO C6 S.A. - MAR/2...;11/03/2026;14.47;2;R$ 1.036.56;1;1036.56;20
CDB FIBRA - MAR/2026;09/03/2026;14.47;7;R$ 1.412.18;1;1412.18;20
CDB AGIBANK - MAR/2026;09/03/2026;14.47;2;R$ 1.152.08;1;1152.08;20
CDB BMG - MAR/2026;09/03/2026;14.47;2;R$ 1.20;538;1.2;20
CDB FIBRA - MAR/2026;09/03/2026;14.47;7;R$ 1.499.30;1;1499.3;20
CDB FIBRA - MAR/2026;10/03/2026;14.47;7;R$ 1.495.09;69;1495.09;20
CDB BMG - MAR/2026;10/03/2026;14.47;2;R$ 1.51;5;1.51;20
CDB BANCO PAN S/A - MAR/2...;12/03/2026;14.46;1;R$ 1.534.29;15;1534.29;20
CDB AGIBANK - MAR/2026;16/03/2026;14.45;2;R$ 1.142.45;8;1142.45;20
CDB BANCO PAN S/A - MAR/2...;18/03/2026;14.45;1;R$ 1.548.07;1;1548.07;20
CDB PINE - MAR/2026;19/03/2026;14.45;2;R$ 1.493.01;4;1493.01;20
CDB BMG - MAR/2026;19/03/2026;14.45;2;R$ 1.14;14313;1.14;20
CDB AGIBANK - MAR/2026;23/03/2026;14.44;2;R$ 1.143.28;32;1143.28;20
CDB DAYCOVAL - MAR/2026;20/03/2026;14.44;2;R$ 1.409.39;5;1409.39;20
CDB BMG - MAR/2026;23/03/2026;14.44;2;R$ 1.14;9575;1.14;20
CDB BMG - ABR/2026;01/04/2026;14.42;2;R$ 1.33;61;1.33;20
CDB FIBRA - MAR/2026;31/03/2026;14.42;7;R$ 1.519.69;2;1519.69;20
CDB FIBRA - MAR/2026;31/03/2026;14.42;7;R$ 1.369.85;5;1369.85;20
CDB BMG - ABR/2026;01/04/2026;14.42;2;R$ 1.14;7;1.14;20
CDB PINE - ABR/2026;06/04/2026;14.41;2;R$ 1.177.32;1;1177.32;20
CDB AGIBANK - ABR/2026;06/04/2026;14.41;2;R$ 1.130.47;22;1130.47;20
CDB AGIBANK - ABR/2026;06/04/2026;14.41;2;R$ 1.445.89;8;1445.89;20
CDB FIBRA - ABR/2026;08/04/2026;14.4;7;R$ 1.509.16;2;1509.16;20
CDB BANCO RODOBENS S/A - ...;09/04/2026;14.4;2;R$ 1.080.10;12;1080.1;20
CDB AGIBANK - ABR/2026;14/04/2026;14.39;2;R$ 1.430.43;2;1430.43;20
CDB PINE - ABR/2026;12/04/2026;14.39;2;R$ 1.518.98;15;1518.98;20
CDB AGIBANK - ABR/2026;20/04/2026;14.38;2;R$ 1.417.53;1;1417.53;20
CDB FIBRA - ABR/2026;20/04/2026;14.38;7;R$ 1.196.02;96;1196.02;20
CDB AGIBANK - ABR/2026;20/04/2026;14.38;2;R$ 1.408.17;1;1408.17;20
CDB AGIBANK - ABR/2026;20/04/2026;14.38;2;R$ 1.412.26;1;1412.26;20
CDB AGIBANK - ABR/2026;20/04/2026;14.38;2;R$ 1.433.46;3;1433.46;20
CDB FIBRA - ABR/2026;17/04/2026;14.38;7;R$ 1.135.82;4;1135.82;20
CDB BMG - ABR/2026;17/04/2026;14.38;2;R$ 1.14;57332;1.14;20
CDB BANCO RODOBENS S/A - ...;20/04/2026;14.38;2;R$ 1.076.75;1;1076.75;20
CDB BANCO PAN S/A - ABR/2...;18/04/2026;14.38;1;R$ 1.499.14;14;1499.14;20
CDB BMG - ABR/2026;20/04/2026;14.38;2;R$ 1.14;18;1.14;20
CDB BMG - ABR/2026;24/04/2026;14.37;2;R$ 1.14;94408;1.14;20
CDB BMG - ABR/2026;24/04/2026;14.37;2;R$ 1.14;5363;1.14;20
CDB BMG - ABR/2026;23/04/2026;14.37;2;R$ 1.14;16573;1.14;20
CDB AGIBANK - ABR/2026;22/04/2026;14.37;2;R$ 1.408.82;2;1408.82;20
CDB BMG - ABR/2026;26/04/2026;14.37;2;R$ 1.80;34493;1.8;20
CDB ORIGINAL - ABR/2026;27/04/2026;14.36;7;R$ 1.507.02;12;1507.02;20
CDB AGIBANK - ABR/2026;27/04/2026;14.36;2;R$ 1.408.40;93;1408.4;20
CDB BMG - ABR/2026;27/04/2026;14.36;2;R$ 1.14;18549;1.14;20
CDB BMG - ABR/2026;27/04/2026;14.36;2;R$ 1.14;8;1.14;20
CDB BMG - ABR/2026;27/04/2026;14.36;2;R$ 1.14;516;1.14;20
CDB PINE - ABR/2026;27/04/2026;14.36;2;R$ 1.128.45;21;1128.45;20
CDB AGIBANK - ABR/2026;27/04/2026;14.36;2;R$ 1.412.54;31;1412.54;20
CDB AGIBANK - ABR/2026;27/04/2026;14.36;2;R$ 1.413.66;2;1413.66;20
CDB FIBRA - MAI/2026;02/05/2026;14.36;7;R$ 1.478.97;43;1478.97;20
CDB BANCO PAN S/A - MAI/2...;02/05/2026;14.36;1;R$ 1.507.63;1;1507.63;20
CDB AGIBANK - ABR/2026;28/04/2026;14.36;2;R$ 1.429.99;50;1429.99;20
CDB AGIBANK - ABR/2026;27/04/2026;14.36;2;R$ 1.433.28;17;1433.28;20
CDB AGIBANK - ABR/2026;28/04/2026;14.36;2;R$ 1.422.05;10;1422.05;20
CDB AGIBANK - ABR/2026;27/04/2026;14.36;2;R$ 1.412.14;42;1412.14;20
CDB BMG - ABR/2026;30/04/2026;14.36;2;R$ 1.14;116676;1.14;20
CDB BMG - ABR/2026;29/04/2026;14.36;2;R$ 1.14;86738;1.14;20
CDB AGIBANK - MAI/2026;06/05/2026;14.35;2;R$ 1.407.92;1;1407.92;20
CDB AGIBANK - MAI/2026;04/05/2026;14.35;2;R$ 1.409.11;10;1409.11;20
CDB AGIBANK - MAI/2026;05/05/2026;14.35;2;R$ 1.411.10;268;1411.1;20
CDB BMG - NOV/2026;12/11/2026;14.35;2;R$ 1.24;1;1.24;18
CDB FIBRA - MAI/2026;07/05/2026;14.35;7;R$ 1.740.00;2;1740;20
CDB BANCO PAN S/A - MAI/2...;05/05/2026;14.35;1;R$ 1.506.10;12;1506.1;20
CDB BANCO PAN S/A - MAI/2...;06/05/2026;14.35;1;R$ 1.509.09;49;1509.09;20
CDB BANCO PAN S/A - MAI/2...;04/05/2026;14.35;1;R$ 1.235.50;3;1235.5;20
CDB FIBRA - MAI/2026;04/05/2026;14.35;7;R$ 1.727.40;160;1727.4;20
CDB BMG - MAI/2026;04/05/2026;14.35;2;R$ 1.34;2;1.34;20
CDB AGIBANK - MAI/2026;04/05/2026;14.35;2;R$ 1.413.25;95;1413.25;20
CDB AGIBANK - MAI/2026;05/05/2026;14.35;2;R$ 1.400.64;6;1400.64;20
CDB PINE - MAI/2026;10/05/2026;14.34;2;R$ 1.479.10;10;1479.1;20
CDB AGIBANK - MAI/2026;11/05/2026;14.34;2;R$ 1.408.68;6;1408.68;20
CDB AGIBANK - MAI/2026;13/05/2026;14.34;2;R$ 1.397.01;21;1397.01;20
CDB AGIBANK - MAI/2026;13/05/2026;14.34;2;R$ 1.402.22;32;1402.22;20
CDB AGIBANK - MAI/2026;12/05/2026;14.34;2;R$ 1.402.82;17;1402.82;20
CDB AGIBANK - MAI/2026;11/05/2026;14.34;2;R$ 1.412.82;63;1412.82;20
CDB BMG - MAI/2026;11/05/2026;14.34;2;R$ 1.22;4;1.22;20
CDB FIBRA - MAI/2026;11/05/2026;14.34;7;R$ 1.379.80;24;1379.8;20
CDB BANCO PAN S/A - MAI/2...;12/05/2026;14.34;1;R$ 1.499.27;72;1499.27;20
CDB BANCO PAN S/A - MAI/2...;11/05/2026;14.34;1;R$ 1.502.77;2;1502.77;20
CDB PINE - MAI/2026;11/05/2026;14.34;2;R$ 1.482.19;2;1482.19;20
CDB FIBRA - MAI/2026;11/05/2026;14.34;7;R$ 1.472.38;38;1472.38;20
CDB BANCO PAN S/A - MAI/2...;13/05/2026;14.34;1;R$ 1.487.97;1;1487.97;20
CDB PINE - MAI/2026;13/05/2026;14.34;2;R$ 1.116.84;10;1116.84;20
CDB BMG - MAI/2026;14/05/2026;14.33;2;R$ 1.13;11794;1.13;20
CDB ORIGINAL - MAI/2026;19/05/2026;14.33;7;R$ 1.495.28;43;1495.28;20
CDB BANCO PAN S/A - MAI/2...;17/05/2026;14.33;1;R$ 1.495.96;12;1495.96;20
CDB AGIBANK - MAI/2026;18/05/2026;14.33;2;R$ 1.377.50;6;1377.5;20
CDB BMG - MAI/2026;19/05/2026;14.33;2;R$ 1.47;49;1.47;20
CDB BANCO PAN S/A - MAI/2...;17/05/2026;14.33;1;R$ 1.474.73;21;1474.73;20
CDB BMG - MAI/2026;19/05/2026;14.33;2;R$ 1.34;4437;1.34;20
CDB FIBRA - MAI/2026;18/05/2026;14.33;7;R$ 1.222.44;3;1222.44;20
CDB BMG - MAI/2026;15/05/2026;14.33;2;R$ 1.83;17267;1.83;20
CDB BMG - MAI/2026;15/05/2026;14.33;2;R$ 1.83;5698;1.83;20
CDB BMG - MAI/2026;15/05/2026;14.33;2;R$ 1.83;4898;1.83;20
CDB BMG - MAI/2026;15/05/2026;14.33;2;R$ 1.82;218683;1.82;20
CDB BANCO PAN S/A - MAI/2...;14/05/2026;14.33;1;R$ 1.487.45;14;1487.45;20
CDB AGIBANK - MAI/2026;18/05/2026;14.33;2;R$ 1.378.55;7;1378.55;20
CDB BMG - MAI/2026;15/05/2026;14.33;2;R$ 1.81;34598;1.81;20
CDB BMG - MAI/2026;15/05/2026;14.33;2;R$ 1.81;54643;1.81;20
CDB BANCO PAN S/A - MAI/2...;26/05/2026;14.32;1;R$ 1.485.19;3;1485.19;20
CDB BANCO PAN S/A - MAI/2...;21/05/2026;14.32;1;R$ 1.487.17;1;1487.17;20
CDB BMG - MAI/2026;25/05/2026;14.32;2;R$ 1.36;2;1.36;20
CDB AGIBANK - MAI/2026;25/05/2026;14.32;2;R$ 1.378.78;15;1378.78;20
CDB AGIBANK - MAI/2026;25/05/2026;14.32;2;R$ 1.374.67;29;1374.67;20
CDB AGIBANK - MAI/2026;26/05/2026;14.32;2;R$ 1.380.76;4;1380.76;20
CDB BANCO PAN S/A - MAI/2...;26/05/2026;14.32;1;R$ 1.224.57;1;1224.57;20
CDB BMG - MAI/2026;22/05/2026;14.32;2;R$ 1.12;23;1.12;20
CDB AGIBANK - MAI/2026;25/05/2026;14.32;2;R$ 1.375.68;43;1375.68;20
CDB FIBRA - MAI/2026;25/05/2026;14.32;7;R$ 1.219.95;2;1219.95;20
CDB ORIGINAL - MAI/2026;28/05/2026;14.31;7;R$ 1.480.47;110;1480.47;20
CDB AGIBANK - JUN/2026;01/06/2026;14.31;2;R$ 1.377.97;3;1377.97;20
CDB BANCO PAN S/A - MAI/2...;30/05/2026;14.31;1;R$ 1.479.69;26;1479.69;20
CDB BANCO PAN S/A - MAI/2...;27/05/2026;14.31;1;R$ 1.491.74;67;1491.74;20
CDB PINE - JUN/2026;02/06/2026;14.31;2;R$ 1.464.58;96;1464.58;20
CDB PINE - MAI/2026;27/05/2026;14.31;2;R$ 1.118.23;2;1118.23;20
CDB BMG - JUN/2026;04/06/2026;14.3;2;R$ 1.60;1;1.6;20
CDB PINE - JUN/2026;08/06/2026;14.3;2;R$ 1.111.97;4;1111.97;20
CDB BANCO PAN S/A - JUN/2...;09/06/2026;14.3;1;R$ 1.434.21;14;1434.21;20
CDB BMG - JUN/2026;08/06/2026;14.3;2;R$ 1.25;25;1.25;20
CDB BMG - JUN/2026;05/06/2026;14.3;2;R$ 1.24;50;1.24;20
CDB BANCO C6 CONSIGNADO S...;03/06/2026;14.3;2;R$ 1.102.68;1;1102.68;20
CDB PINE - JUN/2026;08/06/2026;14.3;2;R$ 1.108.38;19;1108.38;20
CDB BMG - JUN/2026;09/06/2026;14.3;2;R$ 1.60;6;1.6;20
CDB BANCO C6 CONSIGNADO S...;12/06/2026;14.29;2;R$ 1.114.97;9;1114.97;20
CDB PINE - JUN/2026;11/06/2026;14.29;2;R$ 1.112.35;35;1112.35;20
CDB BMG - JUN/2026;15/06/2026;14.29;2;R$ 1.78;15088;1.78;20
CDB BMG - JUN/2026;15/06/2026;14.29;2;R$ 1.75;38;1.75;20
CDB BANCO C6 CONSIGNADO S...;15/06/2026;14.29;2;R$ 1.105.87;5;1105.87;20
CDB PINE - JUN/2026;12/06/2026;14.29;2;R$ 1.107.70;1;1107.7;20
CDB BMG - JUN/2026;15/06/2026;14.29;2;R$ 1.72;15;1.72;20
CDB BMG - JUN/2026;15/06/2026;14.29;2;R$ 1.83;234;1.83;20
CDB BMG - JUN/2026;15/06/2026;14.29;2;R$ 1.82;292;1.82;20
CDB BMG - JUN/2026;15/06/2026;14.29;2;R$ 1.81;2;1.81;20
CDB BMG - JUN/2026;15/06/2026;14.29;2;R$ 1.80;1;1.8;20
CDB BMG - JUN/2026;15/06/2026;14.29;2;R$ 1.80;19999;1.8;20
CDB BMG - JUN/2026;15/06/2026;14.29;2;R$ 1.77;292;1.77;20
CDB BMG - JUN/2026;15/06/2026;14.29;2;R$ 1.79;5;1.79;20
CDB BMG - JUN/2026;15/06/2026;14.29;2;R$ 1.82;3398;1.82;20
CDB BMG - JUN/2026;15/06/2026;14.29;2;R$ 1.75;1;1.75;20
CDB BMG - JUN/2026;15/06/2026;14.29;2;R$ 1.73;43;1.73;20
CDB BMG - JUN/2026;15/06/2026;14.29;2;R$ 1.82;77521;1.82;20
CDB BANCO MASTER S/A - SE...;03/09/2029;14.28;13;R$ 1.057.58;1;1057.58;15
CDB BANCO C6 CONSIGNADO S...;17/06/2026;14.28;2;R$ 1.110.32;5;1110.32;18
CDB BANCO MASTER S/A - MA...;25/03/2030;14.28;14;R$ 1.122.18;58;1122.18;15
CDB FIBRA - JUN/2027;20/06/2027;14.28;8;R$ 1.000.00;18137;1000;15
CDB BMG - JUN/2026;17/06/2026;14.28;2;R$ 1.49;3;1.49;18
CDB BANCO MASTER S/A - NO...;13/11/2030;14.28;15;R$ 1.032.04;4;1032.04;15
CDB PINE - JUN/2026;17/06/2026;14.28;2;R$ 1.639.38;1;1639.38;18
CDB ORIGINAL - JUN/2026;22/06/2026;14.27;7;R$ 1.581.38;299;1581.38;18
CDB PINE - JUN/2026;23/06/2026;14.27;2;R$ 1.486.12;4;1486.12;18
CDB ORIGINAL - JUN/2026;23/06/2026;14.27;7;R$ 1.572.73;10;1572.73;18
CDB ORIGINAL - JUN/2026;22/06/2026;14.27;7;R$ 1.485.10;5;1485.1;18
CDB ORIGINAL - JUN/2026;24/06/2026;14.26;7;R$ 1.571.43;110;1571.43;18
CDB ORIGINAL - JUN/2026;25/06/2026;14.26;7;R$ 1.578.87;2;1578.87;18
CDB ORIGINAL - JUN/2026;25/06/2026;14.26;7;R$ 1.564.12;2;1564.12;18
CDB ORIGINAL - JUN/2026;25/06/2026;14.26;7;R$ 1.542.20;153;1542.2;18
CDB ORIGINAL - JUN/2026;24/06/2026;14.26;7;R$ 1.556.73;8;1556.73;18
CDB ORIGINAL - JUN/2026;24/06/2026;14.26;7;R$ 1.549.42;25;1549.42;18
CDB ORIGINAL - JUN/2026;24/06/2026;14.26;7;R$ 1.586.23;34;1586.23;18
CDB ORIGINAL - JUN/2026;27/06/2026;14.25;7;R$ 1.556.10;1;1556.1;18
CDB ORIGINAL - JUN/2026;28/06/2026;14.25;7;R$ 1.573.72;1;1573.72;18
CDB ORIGINAL - JUN/2026;28/06/2026;14.25;7;R$ 1.537.15;58;1537.15;18
CDB ORIGINAL - JUN/2026;27/06/2026;14.25;7;R$ 1.570.80;100;1570.8;18
CDB ORIGINAL - JUN/2026;27/06/2026;14.25;7;R$ 1.548.79;57;1548.79;18
CDB ORIGINAL - JUN/2026;30/06/2026;14.24;7;R$ 1.562.26;61;1562.26;18
CDB ORIGINAL - JUN/2026;30/06/2026;14.24;7;R$ 1.577.00;5;1577;18
CDB ORIGINAL - JUN/2026;30/06/2026;14.24;7;R$ 1.540.37;12;1540.37;18
CDB BANCO C6 CONSIGNADO S...;17/08/2026;14.23;2;R$ 1.076.58;8;1076.58;18
CDB ORIGINAL - JUL/2026;01/07/2026;14.23;7;R$ 1.539.81;5;1539.81;18
CDB FIBRA - JUL/2026;04/07/2026;14.22;7;R$ 1.481.34;1;1481.34;18
CDB AGIBANK - JUL/2026;08/07/2026;14.21;2;R$ 1.515.04;1;1515.04;18
CDB FIBRA - JUL/2026;07/07/2026;14.21;7;R$ 1.146.78;2;1146.78;18
CDB BMG - SET/2027;27/09/2027;14.21;4;R$ 1.03;4;1.03;15
CDB FIBRA - JUL/2026;10/07/2026;14.2;7;R$ 1.148.69;25;1148.69;18
CDB BS2 - JUL/2026;15/07/2026;14.18;2;R$ 1.575.52;9;1575.52;18
CDB AGIBANK - JUL/2026;16/07/2026;14.18;2;R$ 1.503.94;3;1503.94;18
CDB BMG - JUL/2026;16/07/2026;14.18;2;R$ 1.23;21;1.23;18
CDB BANCO C6 CONSIGNADO S...;16/07/2026;14.18;2;R$ 1.088.38;6;1088.38;18
CDB BANCO C6 CONSIGNADO S...;14/07/2026;14.18;2;R$ 1.332.64;1;1332.64;18
CDB BANCO C6 CONSIGNADO S...;17/08/2026;14.18;2;R$ 1.069.14;14;1069.14;18
CDB FIBRA - JUL/2026;22/07/2026;14.16;7;R$ 1.462.15;70;1462.15;18
CDB AGIBANK - JUL/2026;21/07/2026;14.16;2;R$ 1.228.44;23;1228.44;18
CDB BMG - JUL/2026;20/07/2026;14.16;2;R$ 1.24;1;1.24;18
CDB BANCO C6 CONSIGNADO S...;21/07/2026;14.16;2;R$ 1.329.98;6;1329.98;18
CDB BMG - JUL/2026;24/07/2026;14.15;2;R$ 1.39;4072;1.39;18
CDB BMG - JUL/2026;27/07/2026;14.14;2;R$ 1.09;153;1.09;18
CDB FIBRA - JUL/2026;27/07/2026;14.14;7;R$ 1.045.52;1;1045.52;18
CDB PINE - JUL/2026;27/07/2026;14.14;2;R$ 1.099.46;5;1099.46;18
CDB AGIBANK - JUL/2026;28/07/2026;14.13;2;R$ 1.217.60;10;1217.6;18
CDB PINE - FEV/2027;15/02/2027;14.13;3;R$ 1.054.50;11;1054.5;18
CDB FIBRA - SET/2026;04/09/2026;14.13;7;R$ 1.042.71;12;1042.71;18
CDB BANCO C6 CONSIGNADO S...;17/08/2026;14.13;2;R$ 1.070.73;2;1070.73;18
CDB BANCO C6 CONSIGNADO S...;29/07/2026;14.13;2;R$ 1.311.72;55;1311.72;18
CDB BMG - AGO/2026;02/08/2026;14.12;2;R$ 1.48;8;1.48;18
CDB BMG - AGO/2026;05/08/2026;14.11;2;R$ 1.08;5;1.08;18
CDB BANCO C6 CONSIGNADO S...;05/08/2026;14.11;2;R$ 1.226.05;9;1226.05;18
CDB BANCO C6 CONSIGNADO S...;03/08/2026;14.11;2;R$ 1.384.87;5;1384.87;18
CDB BANCO C6 CONSIGNADO S...;03/08/2026;14.11;2;R$ 1.214.38;5;1214.38;18
CDB BMG - AGO/2026;03/08/2026;14.11;2;R$ 1.55;16;1.55;18
CDB BANCO C6 CONSIGNADO S...;04/08/2026;14.11;2;R$ 1.218.59;8;1218.59;18
CDB BANCO C6 CONSIGNADO S...;07/08/2026;14.1;2;R$ 1.205.70;4;1205.7;18
CDB BMG - AGO/2026;10/08/2026;14.09;2;R$ 1.14;4;1.14;18
CDB BANCO C6 CONSIGNADO S...;10/08/2026;14.09;2;R$ 1.213.50;5;1213.5;18
CDB BANCO C6 CONSIGNADO S...;10/08/2026;14.09;2;R$ 1.205.19;80;1205.19;18
CDB BANCO C6 CONSIGNADO S...;11/08/2026;14.09;2;R$ 1.220.95;1;1220.95;18
CDB AGIBANK - AGO/2026;13/08/2026;14.08;2;R$ 1.560.51;20;1560.51;18
CDB BANCO C6 CONSIGNADO S...;13/08/2026;14.08;2;R$ 1.217.19;1;1217.19;18
CDB BANCO C6 CONSIGNADO S...;12/08/2026;14.08;2;R$ 1.295.38;4;1295.38;18
CDB BANCO C6 CONSIGNADO S...;14/08/2026;14.08;2;R$ 1.298.07;11;1298.07;18
CDB BS2 - AGO/2026;12/08/2026;14.08;2;R$ 1.563.47;2;1563.47;18
CDB BANCO C6 CONSIGNADO S...;17/08/2026;14.08;2;R$ 1.072.31;1;1072.31;18
CDB BANCO C6 CONSIGNADO S...;17/08/2026;14.08;2;R$ 1.069.90;1;1069.9;18
CDB BMG - AGO/2026;17/08/2026;14.07;2;R$ 1.69;43;1.69;18
CDB BMG - AGO/2026;17/08/2026;14.07;2;R$ 1.68;8;1.68;18
CDB BMG - AGO/2026;17/08/2026;14.07;2;R$ 1.66;1;1.66;18
CDB BANCO C6 CONSIGNADO S...;17/08/2026;14.07;2;R$ 1.070.02;182;1070.02;18
CDB BMG - AGO/2026;17/08/2026;14.07;2;R$ 1.341.27;2;1341.27;18
CDB BANCO C6 CONSIGNADO S...;17/08/2026;14.07;2;R$ 1.051.61;3;1051.61;18
CDB BANCO C6 CONSIGNADO S...;17/08/2026;14.07;2;R$ 1.066.88;6;1066.88;18
CDB BMG - AGO/2026;17/08/2026;14.07;2;R$ 1.39;17;1.39;18
CDB BMG - AGO/2026;17/08/2026;14.07;2;R$ 1.69;1687;1.69;18
CDB BMG - AGO/2026;17/08/2026;14.07;2;R$ 1.70;10;1.7;18
CDB BMG - AGO/2026;17/08/2026;14.07;2;R$ 1.08;638;1.08;18
CDB BANCO C6 S.A. - AGO/2...;17/08/2026;14.07;2;R$ 1.029.90;3;1029.9;18
CDB BMG - AGO/2026;17/08/2026;14.07;2;R$ 1.63;1;1.63;18
CDB BANCO C6 CONSIGNADO S...;17/08/2026;14.07;2;R$ 1.070.81;5;1070.81;18
CDB BANCO C6 CONSIGNADO S...;17/08/2026;14.07;2;R$ 1.068.24;22;1068.24;18
CDB BANCO C6 CONSIGNADO S...;17/08/2026;14.07;2;R$ 1.075.85;20;1075.85;18
CDB BANCO C6 CONSIGNADO S...;17/08/2026;14.07;2;R$ 1.063.26;12;1063.26;18
CDB BMG - AGO/2026;17/08/2026;14.07;2;R$ 1.63;5;1.63;18
CDB BMG - AGO/2026;17/08/2026;14.07;2;R$ 1.63;4900;1.63;18
CDB BANCO C6 CONSIGNADO S...;17/08/2026;14.07;2;R$ 1.060.20;1;1060.2;18
CDB BMG - AGO/2026;17/08/2026;14.07;2;R$ 1.64;7862;1.64;18
CDB BANCO C6 CONSIGNADO S...;17/08/2026;14.07;2;R$ 1.060.49;61;1060.49;18
CDB BMG - AGO/2026;17/08/2026;14.07;2;R$ 1.63;105;1.63;18
CDB BANCO C6 CONSIGNADO S...;17/08/2026;14.07;2;R$ 1.072.84;5;1072.84;18
CDB BANCO C6 CONSIGNADO S...;17/08/2026;14.07;2;R$ 1.051.55;7;1051.55;18
CDB BANCO C6 CONSIGNADO S...;17/08/2026;14.07;2;R$ 1.213.02;60;1213.02;18
CDB BMG - AGO/2026;17/08/2026;14.07;2;R$ 1.63;1;1.63;18
CDB BANCO C6 CONSIGNADO S...;17/08/2026;14.07;2;R$ 1.066.87;18;1066.87;18
CDB BANCO C6 CONSIGNADO S...;17/08/2026;14.07;2;R$ 1.216.72;1;1216.72;18
CDB BANCO C6 CONSIGNADO S...;17/08/2026;14.07;2;R$ 1.068.41;1;1068.41;18
CDB BANCO C6 CONSIGNADO S...;17/08/2026;14.07;2;R$ 1.063.65;4;1063.65;18
CDB BMG - AGO/2026;17/08/2026;14.07;2;R$ 1.65;3185;1.65;18
CDB BMG - AGO/2026;17/08/2026;14.07;2;R$ 1.64;4474;1.64;18
CDB BMG - AGO/2026;17/08/2026;14.07;2;R$ 1.65;8;1.65;18
CDB BMG - AGO/2026;17/08/2026;14.07;2;R$ 1.64;1185;1.64;18
CDB BS2 - AGO/2026;18/08/2026;14.07;2;R$ 1.577.37;16;1577.37;18
CDB PINE - AGO/2026;20/08/2026;14.06;2;R$ 1.581.18;6;1581.18;18
CDB AGIBANK - AGO/2026;19/08/2026;14.06;2;R$ 1.606.12;98;1606.12;18
CDB AGIBANK - AGO/2026;20/08/2026;14.06;2;R$ 1.572.30;20;1572.3;18
CDB AGIBANK - AGO/2026;20/08/2026;14.06;2;R$ 1.601.89;17;1601.89;18
CDB AGIBANK - AGO/2026;19/08/2026;14.06;2;R$ 1.576.47;2;1576.47;18
CDB BMG - AGO/2026;19/08/2026;14.06;2;R$ 1.08;378;1.08;18
CDB BMG - AGO/2026;21/08/2026;14.06;2;R$ 1.39;1;1.39;18
CDB BANCO C6 CONSIGNADO S...;24/08/2026;14.05;2;R$ 1.212.48;2;1212.48;18
CDB BMG - AGO/2026;24/08/2026;14.05;2;R$ 1.40;1;1.4;18
CDB BMG - AGO/2026;24/08/2026;14.05;2;R$ 1.44;4;1.44;18
CDB FIBRA - AGO/2026;25/08/2026;14.04;7;R$ 1.135.78;6;1135.78;18
CDB AGIBANK - AGO/2026;27/08/2026;14.04;2;R$ 1.547.38;13;1547.38;18
CDB BMG - AGO/2026;26/08/2026;14.04;2;R$ 1.57;9;1.57;18
CDB AGIBANK - AGO/2026;25/08/2026;14.04;2;R$ 1.525.62;3;1525.62;18
CDB BANCO PAN S/A - AGO/2...;26/08/2026;14.04;2;R$ 1.081.86;10;1081.86;18
CDB DAYCOVAL - JUN/2027;20/06/2027;14.04;3;R$ 20.000.00;14398;20000;15
CDB AGIBANK - AGO/2026;26/08/2026;14.04;2;R$ 1.517.84;1;1517.84;18
CDB BMG - AGO/2026;26/08/2026;14.04;2;R$ 1.24;19;1.24;18
CDB BANCO C6 CONSIGNADO S...;27/08/2026;14.04;2;R$ 1.266.82;52;1266.82;18
CDB BMG - AGO/2026;31/08/2026;14.03;2;R$ 1.13;2;1.13;18
CDB BANCO C6 CONSIGNADO S...;31/08/2026;14.03;2;R$ 1.214.81;6;1214.81;18
CDB BMG - AGO/2026;31/08/2026;14.03;2;R$ 1.24;22;1.24;18
CDB PINE - AGO/2026;28/08/2026;14.03;2;R$ 1.195.31;74;1195.31;18
CDB FIBRA - AGO/2026;31/08/2026;14.03;7;R$ 1.488.34;2;1488.34;18
CDB BMG - AGO/2026;31/08/2026;14.03;2;R$ 1.39;27;1.39;18
CDB PINE - AGO/2026;31/08/2026;14.03;2;R$ 1.370.87;55;1370.87;18
CDB FIBRA - AGO/2026;31/08/2026;14.03;7;R$ 1.082.62;3;1082.62;18
CDB PINE - AGO/2026;31/08/2026;14.03;2;R$ 1.370.98;14;1370.98;18
CDB BS2 - AGO/2026;31/08/2026;14.03;2;R$ 1.599.21;1;1599.21;18
CDB FIBRA - AGO/2026;31/08/2026;14.03;7;R$ 1.079.59;3;1079.59;18
CDB FIBRA - SET/2026;02/09/2026;14.02;7;R$ 1.039.84;8;1039.84;18
CDB BANCO C6 CONSIGNADO S...;03/09/2026;14.02;2;R$ 1.213.82;2;1213.82;18
CDB BMG - SET/2026;01/09/2026;14.02;2;R$ 1.41;2;1.41;18
CDB BS2 - SET/2026;03/09/2026;14.02;2;R$ 1.565.74;2;1565.74;18
CDB FIBRA - SET/2026;02/09/2026;14.02;7;R$ 1.483.81;6;1483.81;18
CDB BANCO C6 CONSIGNADO S...;04/09/2026;14.01;2;R$ 1.204.83;10;1204.83;18
CDB BMG - SET/2026;08/09/2026;14.0;2;R$ 1.35;7;1.35;18
CDB FIBRA - SET/2026;09/09/2026;14.0;7;R$ 1.488.38;27;1488.38;18
CDB FIBRA - SET/2026;10/09/2026;14.0;7;R$ 1.073.50;3;1073.5;18
CDB BANCO PAN S/A - SET/2...;10/09/2026;14.0;2;R$ 1.072.90;1;1072.9;18
CDB BMG - SET/2026;08/09/2026;14.0;2;R$ 1.36;40;1.36;18
CDB BMG - SET/2026;08/09/2026;14.0;2;R$ 1.34;2974;1.34;18
CDB FIBRA - SET/2026;08/09/2026;14.0;7;R$ 1.140.91;200;1140.91;18
CDB BS2 - SET/2026;14/09/2026;13.99;2;R$ 1.575.33;1;1575.33;18
CDB BANCO C6 CONSIGNADO S...;11/09/2026;13.99;2;R$ 1.201.17;116;1201.17;18
CDB BANCO C6 CONSIGNADO S...;14/09/2026;13.99;2;R$ 1.201.90;2;1201.9;18
CDB BANCO PAN S/A - SET/2...;14/09/2026;13.99;2;R$ 1.072.77;2;1072.77;18
CDB BANCO C6 CONSIGNADO S...;14/09/2026;13.99;2;R$ 1.203.96;1;1203.96;18
CDB BMG - SET/2026;14/09/2026;13.99;2;R$ 1.34;100;1.34;18
CDB BANCO C6 CONSIGNADO S...;14/09/2026;13.99;2;R$ 1.068.37;7;1068.37;18
CDB BS2 - SET/2026;15/09/2026;13.98;2;R$ 1.574.99;3;1574.99;18
CDB BMG - SET/2026;15/09/2026;13.98;2;R$ 1.62;5213;1.62;18
CDB BMG - SET/2026;15/09/2026;13.98;2;R$ 1.69;2;1.69;18
CDB BMG - SET/2026;21/09/2026;13.97;2;R$ 1.58;47;1.58;18
CDB FIBRA - SET/2026;21/09/2026;13.97;7;R$ 1.127.32;6;1127.32;18
CDB BS2 - SET/2026;21/09/2026;13.97;2;R$ 1.636.57;10;1636.57;18
CDB BS2 - SET/2026;20/09/2026;13.97;2;R$ 1.618.44;5;1618.44;18
CDB BS2 - SET/2026;21/09/2026;13.97;2;R$ 1.618.01;6;1618.01;18
CDB BANCO C6 CONSIGNADO S...;18/09/2026;13.97;2;R$ 1.199.16;1;1199.16;18
CDB BANCO C6 CONSIGNADO S...;21/09/2026;13.97;2;R$ 1.203.82;21;1203.82;18
CDB BMG - SET/2026;21/09/2026;13.97;2;R$ 1.13;1;1.13;18
CDB FIBRA - SET/2026;21/09/2026;13.97;7;R$ 1.127.67;82;1127.67;18
CDB PINE - SET/2026;24/09/2026;13.96;2;R$ 1.470.46;85;1470.46;18
CDB FIBRA - SET/2026;25/09/2026;13.96;7;R$ 1.068.97;2;1068.97;18
CDB BS2 - SET/2026;22/09/2026;13.96;2;R$ 1.608.35;5;1608.35;18
CDB BMG - SET/2026;25/09/2026;13.96;2;R$ 1.12;686;1.12;18
CDB BANCO RODOBENS S/A - ...;28/09/2026;13.95;2;R$ 1.358.91;40;1358.91;18
CDB PINE - SET/2026;29/09/2026;13.95;2;R$ 1.468.55;20;1468.55;18
CDB BANCO C6 CONSIGNADO S...;28/09/2026;13.95;2;R$ 1.219.13;1;1219.13;18
CDB FIBRA - SET/2026;29/09/2026;13.95;7;R$ 1.614.28;3;1614.28;18
CDB BS2 - SET/2026;29/09/2026;13.95;2;R$ 1.637.45;111;1637.45;18
CDB PINE - OUT/2026;02/10/2026;13.94;2;R$ 1.344.98;4;1344.98;18
CDB BMG - OUT/2026;01/10/2026;13.94;2;R$ 1.22;23;1.22;18
CDB PINE - MAR/2027;11/03/2027;13.93;3;R$ 1.046.12;4;1046.12;18
CDB BANCO RODOBENS S/A - ...;20/06/2027;13.93;3;R$ 1.000.00;4198;1000;15
CDB BANCO C6 CONSIGNADO S...;09/10/2026;13.92;2;R$ 1.073.84;4;1073.84;18
CDB BANCO PAN S/A - OUT/2...;07/10/2026;13.92;2;R$ 1.078.23;3;1078.23;18
CDB PINE - OUT/2026;07/10/2026;13.92;2;R$ 1.698.74;7;1698.74;18
CDB PINE - OUT/2026;09/10/2026;13.92;2;R$ 1.708.88;18;1708.88;18
CDB FIBRA - OUT/2026;15/10/2026;13.91;7;R$ 1.068.14;31;1068.14;18
CDB BMG - OUT/2026;15/10/2026;13.91;2;R$ 1.58;72039;1.58;18
CDB BMG - OUT/2026;15/10/2026;13.91;2;R$ 1.55;1110;1.55;18
CDB BMG - OUT/2026;15/10/2026;13.91;2;R$ 1.61;483;1.61;18
CDB BMG - OUT/2026;15/10/2026;13.91;2;R$ 1.61;412;1.61;18
CDB BMG - OUT/2026;15/10/2026;13.91;2;R$ 1.62;63;1.62;18
CDB BMG - OUT/2026;15/10/2026;13.91;2;R$ 1.62;34;1.62;18
CDB BMG - OUT/2026;15/10/2026;13.91;2;R$ 1.63;40;1.63;18
CDB BMG - OUT/2026;15/10/2026;13.91;2;R$ 1.56;49;1.56;18
CDB BMG - OUT/2026;13/10/2026;13.91;2;R$ 1.41;41;1.41;18
CDB BANCO PAN S/A - OUT/2...;14/10/2026;13.91;2;R$ 1.074.60;2;1074.6;18
CDB PINE - OUT/2026;15/10/2026;13.91;2;R$ 1.671.73;4;1671.73;18
CDB BMG - OUT/2026;15/10/2026;13.91;2;R$ 1.61;18;1.61;18
CDB BMG - OUT/2026;15/10/2026;13.91;2;R$ 1.54;8;1.54;18
CDB PINE - OUT/2026;14/10/2026;13.91;2;R$ 1.672.87;49;1672.87;18
CDB BANCO PAN S/A - OUT/2...;15/10/2026;13.91;2;R$ 1.620.15;16;1620.15;18
CDB FIBRA - OUT/2026;13/10/2026;13.91;7;R$ 1.082.24;10;1082.24;18
CDB FIBRA - OUT/2026;14/10/2026;13.91;7;R$ 1.079.41;30;1079.41;18
CDB BMG - OUT/2026;15/10/2026;13.91;2;R$ 1.62;11424;1.62;18
CDB AGIBANK - OUT/2026;19/10/2026;13.9;2;R$ 1.214.95;5;1214.95;18
CDB PINE - OUT/2026;17/10/2026;13.9;2;R$ 1.659.51;31;1659.51;18
CDB BANCO C6 S.A. - OUT/2...;16/10/2026;13.9;2;R$ 1.211.97;11;1211.97;18
CDB BANCO PAN S/A - OUT/2...;16/10/2026;13.9;2;R$ 1.069.31;2;1069.31;18
CDB FIBRA - OUT/2026;16/10/2026;13.9;7;R$ 1.118.27;20;1118.27;18
CDB PINE - OUT/2026;18/10/2026;13.9;2;R$ 1.653.50;72;1653.5;18
CDB BANCO PAN S/A - OUT/2...;19/10/2026;13.9;2;R$ 1.614.11;4;1614.11;18
CDB AGIBANK - OUT/2026;19/10/2026;13.9;2;R$ 1.217.83;4;1217.83;18
CDB BMG - OUT/2026;16/10/2026;13.9;2;R$ 1.33;34;1.33;18
CDB AGIBANK - OUT/2026;20/10/2026;13.89;2;R$ 1.217.61;50;1217.61;18
CDB BANCO PAN S/A - OUT/2...;21/10/2026;13.89;2;R$ 1.066.73;4;1066.73;18
CDB FIBRA - OUT/2026;22/10/2026;13.89;7;R$ 1.213.88;3;1213.88;18
CDB BMG - OUT/2026;23/10/2026;13.89;2;R$ 1.14;2360;1.14;18
CDB BANCO PAN S/A - OUT/2...;22/10/2026;13.89;2;R$ 1.612.61;56;1612.61;18
CDB BANCO PAN S/A - OUT/2...;20/10/2026;13.89;2;R$ 1.613.81;22;1613.81;18
CDB BMG - NOV/2027;29/11/2027;13.88;4;R$ 1.06;1050;1.06;15
CDB BANCO PAN S/A - OUT/2...;26/10/2026;13.88;2;R$ 1.062.47;7;1062.47;18
CDB FIBRA - DEZ/2027;07/12/2027;13.88;9;R$ 1.000.00;19991;1000;15
CDB BANCO PAN S/A - OUT/2...;26/10/2026;13.88;2;R$ 1.615.85;1;1615.85;18
CDB PINE - MAR/2027;18/03/2027;13.88;3;R$ 1.032.91;2;1032.91;18
CDB AGIBANK - JUL/2027;06/07/2027;13.88;4;R$ 1.495.32;1;1495.32;15
CDB BMG - NOV/2027;24/11/2027;13.88;4;R$ 1.58;91700;1.58;15
CDB BMG - OUT/2026;26/10/2026;13.88;2;R$ 1.13;273;1.13;18
CDB BMG - OUT/2026;26/10/2026;13.88;2;R$ 1.32;37;1.32;18
CDB PINE - OUT/2026;27/10/2026;13.88;2;R$ 1.330.18;5;1330.18;18
CDB FIBRA - DEZ/2026;28/12/2026;13.88;8;R$ 1.071.05;2;1071.05;18
CDB BMG - OUT/2026;26/10/2026;13.88;2;R$ 1.13;23959;1.13;18
CDB FIBRA - MAI/2028;20/05/2028;13.88;9;R$ 1.445.86;71;1445.86;15
CDB FIBRA - SET/2027;27/09/2027;13.88;9;R$ 1.016.08;10;1016.08;15
CDB BMG - OUT/2026;30/10/2026;13.87;2;R$ 1.06;25;1.06;18
CDB FIBRA - OUT/2026;28/10/2026;13.87;7;R$ 1.600.24;4;1600.24;18
CDB BANCO PAN S/A - OUT/2...;30/10/2026;13.87;2;R$ 1.622.78;9;1622.78;18
CDB PINE - OUT/2026;30/10/2026;13.87;2;R$ 1.090.14;15;1090.14;18
CDB BANCO PAN S/A - OUT/2...;29/10/2026;13.87;2;R$ 1.627.97;20;1627.97;18
CDB PINE - NOV/2026;03/11/2026;13.86;2;R$ 1.473.34;3;1473.34;18
CDB BANCO PAN S/A - NOV/2...;05/11/2026;13.86;2;R$ 1.606.75;14;1606.75;18
CDB PINE - NOV/2026;04/11/2026;13.86;2;R$ 1.452.06;22;1452.06;18
CDB PINE - NOV/2026;04/11/2026;13.86;2;R$ 1.613.66;9;1613.66;18
CDB PINE - NOV/2026;05/11/2026;13.86;2;R$ 1.623.83;30;1623.83;18
CDB PINE - NOV/2026;04/11/2026;13.86;2;R$ 1.083.38;4;1083.38;18
CDB PINE - NOV/2026;05/11/2026;13.86;2;R$ 1.454.86;2;1454.86;18
CDB PINE - NOV/2026;03/11/2026;13.86;2;R$ 1.087.07;109;1087.07;18
CDB PINE - NOV/2026;04/11/2026;13.86;2;R$ 1.646.47;3;1646.47;18
CDB BMG - NOV/2026;03/11/2026;13.86;2;R$ 1.20;8104;1.2;18
CDB BR PARTNERS BANCO DE ...;03/11/2026;13.86;2;R$ 1.067.15;1;1067.15;18
CDB BANCO RODOBENS S/A - ...;03/11/2026;13.86;2;R$ 1.187.04;5;1187.04;18
CDB AGIBANK - NOV/2026;03/11/2026;13.86;2;R$ 1.213.83;4;1213.83;18
CDB BMG - NOV/2026;03/11/2026;13.86;2;R$ 1.13;1;1.13;18
CDB BMG - NOV/2026;03/11/2026;13.86;2;R$ 1.13;28796;1.13;18
CDB BANCO PAN S/A - NOV/2...;10/11/2026;13.85;2;R$ 1.595.75;2;1595.75;18
CDB AGIBANK - NOV/2026;06/11/2026;13.85;2;R$ 1.212.68;3;1212.68;18
CDB AGIBANK - NOV/2026;09/11/2026;13.85;2;R$ 1.217.46;4;1217.46;18
CDB FIBRA - NOV/2026;06/11/2026;13.85;7;R$ 1.198.86;65;1198.86;18
CDB AGIBANK - NOV/2026;09/11/2026;13.85;2;R$ 1.213.07;4;1213.07;18
CDB PINE - NOV/2026;08/11/2026;13.85;2;R$ 1.453.79;2;1453.79;18
CDB PINE - NOV/2026;08/11/2026;13.85;2;R$ 1.638.87;4;1638.87;18
CDB PINE - NOV/2026;10/11/2026;13.85;2;R$ 1.333.66;1;1333.66;18
CDB BMG - NOV/2026;09/11/2026;13.85;2;R$ 1.13;25;1.13;18
CDB AGIBANK - JAN/2027;20/01/2027;13.85;3;R$ 1.060.57;9;1060.57;18
CDB BANCO PAN S/A - NOV/2...;06/11/2026;13.85;2;R$ 1.061.40;19;1061.4;18
CDB PINE - NOV/2026;06/11/2026;13.85;2;R$ 1.078.66;13;1078.66;18
CDB BMG - NOV/2026;09/11/2026;13.85;2;R$ 1.12;31;1.12;18
CDB BMG - NOV/2026;09/11/2026;13.85;2;R$ 1.13;13849;1.13;18
CDB BMG - NOV/2026;10/11/2026;13.85;2;R$ 1.12;1063;1.12;18
CDB FIBRA - NOV/2026;09/11/2026;13.85;7;R$ 1.329.27;7;1329.27;18
CDB AGIBANK - NOV/2026;09/11/2026;13.85;2;R$ 1.206.36;2;1206.36;18
CDB BMG - NOV/2026;12/11/2026;13.84;2;R$ 1.24;1;1.24;18
CDB FIBRA - NOV/2026;13/11/2026;13.84;7;R$ 1.070.48;10;1070.48;18
CDB OMNI FINANCEIRA - NOV...;11/11/2026;13.84;7;R$ 1.466.46;18;1466.46;18
CDB PINE - NOV/2026;13/11/2026;13.84;2;R$ 1.339.95;6;1339.95;18
CDB AGIBANK - NOV/2026;13/11/2026;13.84;2;R$ 1.201.78;91;1201.78;18
CDB BMG - NOV/2026;12/11/2026;13.84;2;R$ 1.16;44;1.16;18
CDB BANCO C6 S.A. - JUN/2...;20/06/2027;13.83;3;R$ 1.000.00;29729;1000;15
CDB BANCO C6 S.A. - MAI/2...;17/05/2027;13.83;3;R$ 1.042.86;43;1042.86;18
CDB BANCO PAN S/A - NOV/2...;19/11/2026;13.83;2;R$ 1.438.69;21;1438.69;18
CDB BANCO PAN S/A - NOV/2...;17/11/2026;13.83;2;R$ 1.463.83;11;1463.83;18
CDB OMNI FINANCEIRA - NOV...;16/11/2026;13.83;7;R$ 1.429.48;4;1429.48;18
CDB BANCO PAN S/A - NOV/2...;16/11/2026;13.83;2;R$ 1.423.67;1;1423.67;18
CDB BANCO PAN S/A - NOV/2...;18/11/2026;13.83;2;R$ 1.452.93;150;1452.93;18
CDB AGIBANK - NOV/2026;16/11/2026;13.83;2;R$ 1.194.62;21;1194.62;18
CDB BMG - NOV/2026;16/11/2026;13.83;2;R$ 1.385.04;50;1385.04;18
CDB BMG - NOV/2026;16/11/2026;13.83;2;R$ 1.25;12397;1.25;18
CDB BANCO PAN S/A - NOV/2...;17/11/2026;13.83;2;R$ 1.596.85;194;1596.85;18
CDB BMG - NOV/2026;16/11/2026;13.83;2;R$ 1.57;267;1.57;18
CDB FIBRA - NOV/2026;17/11/2026;13.83;7;R$ 1.343.98;10;1343.98;18
CDB BANCO C6 S.A. - MAI/2...;17/05/2027;13.83;3;R$ 1.034.30;16;1034.3;18
CDB AGIBANK - DEZ/2026;28/12/2026;13.82;3;R$ 1.070.32;2;1070.32;18
CDB PINE - NOV/2026;21/11/2026;13.82;2;R$ 1.680.33;2;1680.33;18
CDB FIBRA - NOV/2026;23/11/2026;13.82;7;R$ 1.352.58;11;1352.58;18
CDB PINE - NOV/2026;22/11/2026;13.82;2;R$ 1.674.43;10;1674.43;18
CDB BANCO PAN S/A - NOV/2...;22/11/2026;13.82;2;R$ 1.448.11;69;1448.11;18
CDB OMNI FINANCEIRA - NOV...;24/11/2026;13.82;7;R$ 1.426.26;15;1426.26;18
CDB AGIBANK - NOV/2026;23/11/2026;13.82;2;R$ 1.179.58;34;1179.58;18
CDB PINE - NOV/2026;23/11/2026;13.82;2;R$ 1.056.66;136;1056.66;18
CDB BMG - NOV/2026;23/11/2026;13.82;2;R$ 1.23;10;1.23;18
CDB AGIBANK - NOV/2026;24/11/2026;13.82;2;R$ 1.172.04;20;1172.04;18
CDB PINE - NOV/2026;28/11/2026;13.81;2;R$ 1.705.18;2;1705.18;18
CDB PINE - NOV/2026;29/11/2026;13.81;2;R$ 1.687.87;3;1687.87;18
CDB PINE - NOV/2026;26/11/2026;13.81;2;R$ 1.695.29;7;1695.29;18
CDB BANCO PAN S/A - NOV/2...;25/11/2026;13.81;2;R$ 1.602.63;5;1602.63;18
CDB OMNI FINANCEIRA - NOV...;29/11/2026;13.81;7;R$ 1.434.99;45;1434.99;18
CDB BANCO PAN S/A - NOV/2...;29/11/2026;13.81;2;R$ 1.431.61;50;1431.61;18
CDB OMNI FINANCEIRA - NOV...;29/11/2026;13.81;7;R$ 1.458.78;18;1458.78;18
CDB BANCO PAN S/A - NOV/2...;28/11/2026;13.81;2;R$ 1.439.63;45;1439.63;18
CDB BANCO PAN S/A - NOV/2...;27/11/2026;13.81;2;R$ 1.596.75;1;1596.75;18
CDB BANCO PAN S/A - NOV/2...;26/11/2026;13.81;2;R$ 1.606.54;205;1606.54;18
CDB OMNI FINANCEIRA - NOV...;29/11/2026;13.81;7;R$ 1.424.88;7;1424.88;18
CDB BANCO PAN S/A - NOV/2...;26/11/2026;13.81;2;R$ 1.439.69;28;1439.69;18
CDB PINE - NOV/2026;27/11/2026;13.81;2;R$ 1.688.93;3;1688.93;18
CDB BMG - NOV/2026;27/11/2026;13.81;2;R$ 1.06;1;1.06;18
CDB BMG - NOV/2026;27/11/2026;13.81;2;R$ 1.25;30000;1.25;18
CDB BMG - NOV/2026;26/11/2026;13.81;2;R$ 1.23;20;1.23;18
CDB BMG - DEZ/2026;03/12/2026;13.8;2;R$ 1.23;25670;1.23;18
CDB BMG - DEZ/2026;03/12/2026;13.8;2;R$ 1.07;24206;1.07;18
CDB BMG - NOV/2026;30/11/2026;13.8;2;R$ 1.24;18;1.24;18
CDB BANCO PAN S/A - NOV/2...;30/11/2026;13.8;2;R$ 1.587.11;8;1587.11;18
CDB FIBRA - DEZ/2026;01/12/2026;13.8;7;R$ 1.101.57;5;1101.57;18
CDB OMNI FINANCEIRA - DEZ...;01/12/2026;13.8;7;R$ 1.458.34;11;1458.34;18
CDB OMNI FINANCEIRA - DEZ...;01/12/2026;13.8;7;R$ 1.424.45;19;1424.45;18
CDB FIBRA - NOV/2026;30/11/2026;13.8;7;R$ 1.331.94;51;1331.94;18
CDB BANCO PAN S/A - DEZ/2...;04/12/2026;13.8;2;R$ 1.548.66;4;1548.66;18
CDB BANCO PAN S/A - DEZ/2...;03/12/2026;13.8;2;R$ 1.567.14;5;1567.14;18
CDB BMG - NOV/2026;30/11/2026;13.8;2;R$ 1.55;7000;1.55;18
CDB BANCO PAN S/A - NOV/2...;30/11/2026;13.8;2;R$ 1.300.63;5;1300.63;18
CDB BANCO PAN S/A - DEZ/2...;02/12/2026;13.8;2;R$ 1.572.29;5;1572.29;18
CDB BMG - DEZ/2026;02/12/2026;13.8;2;R$ 1.23;84;1.23;18
CDB BANCO PAN S/A - DEZ/2...;01/12/2026;13.8;2;R$ 1.590.94;5;1590.94;18
CDB BMG - DEZ/2026;01/12/2026;13.8;2;R$ 1.560.38;13;1560.38;18
CDB BMG - DEZ/2026;01/12/2026;13.8;2;R$ 1.23;13567;1.23;18
CDB BANCO PAN S/A - DEZ/2...;01/12/2026;13.8;2;R$ 1.417.75;50;1417.75;18
CDB AGIBANK - DEZ/2026;04/12/2026;13.8;2;R$ 1.165.64;6;1165.64;18
CDB AGIBANK - NOV/2026;30/11/2026;13.8;2;R$ 1.172.38;7;1172.38;18
CDB FIBRA - DEZ/2026;04/12/2026;13.8;7;R$ 1.165.28;5;1165.28;18
CDB PINE - DEZ/2026;09/12/2026;13.79;2;R$ 1.666.76;2;1666.76;18
CDB BMG - DEZ/2026;07/12/2026;13.79;2;R$ 1.22;56;1.22;18
CDB BANCO PAN S/A - DEZ/2...;09/12/2026;13.79;2;R$ 1.516.16;4;1516.16;18
CDB PINE - DEZ/2026;07/12/2026;13.79;2;R$ 1.064.19;3;1064.19;18
CDB BMG - DEZ/2026;07/12/2026;13.79;2;R$ 1.24;63;1.24;18
CDB BANCO PAN S/A - DEZ/2...;07/12/2026;13.79;2;R$ 1.395.44;1;1395.44;18
CDB BANCO PAN S/A - ABR/2...;12/04/2027;13.78;3;R$ 1.264.77;9;1264.77;18
CDB BANCO PAN S/A - JAN/2...;15/01/2027;13.78;3;R$ 1.495.92;149;1495.92;18
CDB BANCO PAN S/A - DEZ/2...;28/12/2026;13.78;3;R$ 1.424.58;1;1424.58;18
CDB PINE - FEV/2027;18/02/2027;13.78;3;R$ 1.615.18;18;1615.18;18
CDB AGIBANK - DEZ/2026;14/12/2026;13.78;2;R$ 1.162.56;5;1162.56;18
CDB PINE - JAN/2027;03/01/2027;13.78;3;R$ 1.677.63;7;1677.63;18
CDB BMG - DEZ/2026;16/12/2026;13.78;2;R$ 1.59;4;1.59;18
CDB PINE - MAR/2027;01/03/2027;13.78;3;R$ 1.145.38;45;1145.38;18
CDB BANCO PAN S/A - DEZ/2...;17/12/2026;13.78;2;R$ 1.421.21;5;1421.21;18
CDB BANCO PAN S/A - JAN/2...;13/01/2027;13.78;3;R$ 1.513.30;3;1513.3;18
CDB BANCO PAN S/A - DEZ/2...;28/12/2026;13.78;3;R$ 1.498.84;15;1498.84;18
CDB FIBRA - MAR/2027;08/03/2027;13.78;8;R$ 1.047.11;23;1047.11;18
CDB BANCO PAN S/A - DEZ/2...;22/12/2026;13.78;3;R$ 1.505.41;11;1505.41;18
CDB BANCO PAN S/A - JAN/2...;19/01/2027;13.78;3;R$ 1.503.00;27;1503;18
CDB FIBRA - MAR/2027;23/03/2027;13.78;8;R$ 1.521.31;4;1521.31;18
CDB BANCO PAN S/A - MAR/2...;23/03/2027;13.78;3;R$ 1.561.64;2;1561.64;18
CDB PINE - JAN/2027;18/01/2027;13.78;3;R$ 1.503.65;2;1503.65;18
CDB FIBRA - JAN/2027;20/01/2027;13.78;8;R$ 1.493.60;1;1493.6;18
CDB BANCO C6 S.A. - MAI/2...;17/05/2027;13.78;3;R$ 1.036.38;16;1036.38;18
CDB BANCO PAN S/A - MAR/2...;17/03/2027;13.78;3;R$ 1.529.06;21;1529.06;18
CDB FIBRA - MAR/2027;17/03/2027;13.78;8;R$ 1.493.93;91;1493.93;18
CDB BANCO PAN S/A - MAR/2...;16/03/2027;13.78;3;R$ 1.512.41;13;1512.41;18
CDB BMG - MAI/2027;20/05/2027;13.78;3;R$ 1.67;15751;1.67;18
CDB BANCO PAN S/A - JAN/2...;22/01/2027;13.78;3;R$ 1.523.04;22;1523.04;18
CDB BANCO PAN S/A - JAN/2...;20/01/2027;13.78;3;R$ 1.515.48;46;1515.48;18
CDB BANCO PAN S/A - JAN/2...;21/01/2027;13.78;3;R$ 1.510.52;5;1510.52;18
CDB BANCO PAN S/A - MAR/2...;19/03/2027;13.78;3;R$ 1.532.09;19;1532.09;18
CDB BANCO C6 CONSIGNADO S...;01/03/2027;13.78;3;R$ 1.295.18;1;1295.18;18
CDB BMG - DEZ/2026;13/12/2026;13.78;2;R$ 1.36;3;1.36;18
CDB BANCO PAN S/A - DEZ/2...;15/12/2026;13.78;2;R$ 1.412.27;3;1412.27;18
CDB BANCO C6 CONSIGNADO S...;17/05/2027;13.78;3;R$ 1.045.78;8;1045.78;18
CDB FIBRA - MAR/2027;28/03/2027;13.78;8;R$ 1.515.35;10;1515.35;18
CDB FIBRA - MAR/2027;22/03/2027;13.78;8;R$ 1.530.45;23;1530.45;18
CDB PINE - MAI/2027;17/05/2027;13.78;3;R$ 1.076.60;18;1076.6;18
CDB BANCO PAN S/A - MAR/2...;24/03/2027;13.78;3;R$ 1.565.39;4;1565.39;18
CDB PINE - JAN/2027;18/01/2027;13.78;3;R$ 1.503.65;2;1503.65;18
CDB FIBRA - JAN/2027;20/01/2027;13.78;8;R$ 1.493.60;1;1493.6;18
CDB BANCO C6 S.A. - MAI/2...;17/05/2027;13.78;3;R$ 1.036.38;16;1036.38;18
CDB BANCO PAN S/A - MAR/2...;17/03/2027;13.78;3;R$ 1.529.06;21;1529.06;18
CDB FIBRA - MAR/2027;17/03/2027;13.78;8;R$ 1.493.93;91;1493.93;18
CDB BANCO PAN S/A - MAR/2...;16/03/2027;13.78;3;R$ 1.512.41;13;1512.41;18
CDB BMG - MAI/2027;20/05/2027;13.78;3;R$ 1.67;15751;1.67;18
CDB BANCO PAN S/A - JAN/2...;22/01/2027;13.78;3;R$ 1.523.04;22;1523.04;18
CDB BANCO PAN S/A - JAN/2...;20/01/2027;13.78;3;R$ 1.515.48;46;1515.48;18
CDB BANCO PAN S/A - JAN/2...;21/01/2027;13.78;3;R$ 1.510.52;5;1510.52;18
CDB BANCO PAN S/A - MAR/2...;19/03/2027;13.78;3;R$ 1.532.09;19;1532.09;18
CDB BANCO C6 CONSIGNADO S...;01/03/2027;13.78;3;R$ 1.295.18;1;1295.18;18
CDB BMG - DEZ/2026;13/12/2026;13.78;2;R$ 1.36;3;1.36;18
CDB BANCO PAN S/A - DEZ/2...;15/12/2026;13.78;2;R$ 1.412.27;3;1412.27;18
CDB BANCO C6 CONSIGNADO S...;17/05/2027;13.78;3;R$ 1.045.78;8;1045.78;18
CDB FIBRA - MAR/2027;28/03/2027;13.78;8;R$ 1.515.35;10;1515.35;18
CDB FIBRA - MAR/2027;22/03/2027;13.78;8;R$ 1.530.45;23;1530.45;18
CDB PINE - MAI/2027;17/05/2027;13.78;3;R$ 1.076.60;18;1076.6;18
CDB BANCO PAN S/A - MAR/2...;24/03/2027;13.78;3;R$ 1.565.39;4;1565.39;18
CDB PINE - JAN/2027;18/01/2027;13.78;3;R$ 1.503.65;2;1503.65;18
CDB FIBRA - JAN/2027;20/01/2027;13.78;8;R$ 1.493.60;1;1493.6;18
CDB BANCO C6 S.A. - MAI/2...;17/05/2027;13.78;3;R$ 1.036.38;16;1036.38;18
CDB BANCO PAN S/A - MAR/2...;17/03/2027;13.78;3;R$ 1.529.06;21;1529.06;18
CDB FIBRA - MAR/2027;17/03/2027;13.78;8;R$ 1.493.93;91;1493.93;18
CDB BANCO PAN S/A - MAR/2...;16/03/2027;13.78;3;R$ 1.512.41;13;1512.41;18
CDB BMG - MAI/2027;20/05/2027;13.78;3;R$ 1.67;15751;1.67;18
CDB BANCO PAN S/A - JAN/2...;22/01/2027;13.78;3;R$ 1.523.04;22;1523.04;18
CDB BANCO PAN S/A - JAN/2...;20/01/2027;13.78;3;R$ 1.515.48;46;1515.48;18
CDB BANCO PAN S/A - JAN/2...;21/01/2027;13.78;3;R$ 1.510.52;5;1510.52;18
CDB BANCO PAN S/A - MAR/2...;19/03/2027;13.78;3;R$ 1.532.09;19;1532.09;18
CDB BANCO C6 CONSIGNADO S...;01/03/2027;13.78;3;R$ 1.295.18;1;1295.18;18
CDB BMG - DEZ/2026;13/12/2026;13.78;2;R$ 1.36;3;1.36;18
CDB BANCO PAN S/A - DEZ/2...;15/12/2026;13.78;2;R$ 1.412.27;3;1412.27;18
CDB BANCO C6 CONSIGNADO S...;17/05/2027;13.78;3;R$ 1.045.78;8;1045.78;18
CDB FIBRA - MAR/2027;28/03/2027;13.78;8;R$ 1.515.35;10;1515.35;18
CDB FIBRA - MAR/2027;22/03/2027;13.78;8;R$ 1.530.45;23;1530.45;18
CDB PINE - MAI/2027;17/05/2027;13.78;3;R$ 1.076.60;18;1076.6;18
CDB BANCO PAN S/A - MAR/2...;24/03/2027;13.78;3;R$ 1.565.39;4;1565.39;18
CDB PINE - JAN/2027;18/01/2027;13.78;3;R$ 1.503.65;2;1503.65;18
CDB FIBRA - JAN/2027;20/01/2027;13.78;8;R$ 1.493.60;1;1493.6;18
CDB BANCO C6 S.A. - MAI/2...;17/05/2027;13.78;3;R$ 1.036.38;16;1036.38;18
CDB BANCO PAN S/A - MAR/2...;17/03/2027;13.78;3;R$ 1.529.06;21;1529.06;18
CDB FIBRA - MAR/2027;17/03/2027;13.78;8;R$ 1.493.93;91;1493.93;18
CDB BANCO PAN S/A - MAR/2...;16/03/2027;13.78;3;R$ 1.512.41;13;1512.41;18
CDB BMG - MAI/2027;20/05/2027;13.78;3;R$ 1.67;15751;1.67;18
CDB BANCO PAN S/A - JAN/2...;22/01/2027;13.78;3;R$ 1.523.04;22;1523.04;18
CDB BANCO PAN S/A - JAN/2...;20/01/2027;13.78;3;R$ 1.515.48;46;1515.48;18
CDB BANCO PAN S/A - JAN/2...;21/01/2027;13.78;3;R$ 1.510.52;5;1510.52;18
CDB BANCO PAN S/A - MAR/2...;19/03/2027;13.78;3;R$ 1.532.09;19;1532.09;18
CDB BANCO C6 CONSIGNADO S...;01/03/2027;13.78;3;R$ 1.295.18;1;1295.18;18
CDB BMG - DEZ/2026;13/12/2026;13.78;2;R$ 1.36;3;1.36;18
CDB BANCO PAN S/A - DEZ/2...;15/12/2026;13.78;2;R$ 1.412.27;3;1412.27;18
CDB BANCO C6 CONSIGNADO S...;17/05/2027;13.78;3;R$ 1.045.78;8;1045.78;18
CDB FIBRA - MAR/2027;28/03/2027;13.78;8;R$ 1.515.35;10;1515.35;18
CDB FIBRA - MAR/2027;22/03/2027;13.78;8;R$ 1.530.45;23;1530.45;18
CDB PINE - MAI/2027;17/05/2027;13.78;3;R$ 1.076.60;18;1076.6;18
CDB BANCO PAN S/A - MAR/2...;24/03/2027;13.78;3;R$ 1.565.39;4;1565.39;18
CDB PINE - JAN/2027;18/01/2027;13.78;3;R$ 1.503.65;2;1503.65;18
CDB FIBRA - JAN/2027;20/01/2027;13.78;8;R$ 1.493.60;1;1493.6;18
CDB BANCO C6 S.A. - MAI/2...;17/05/2027;13.78;3;R$ 1.036.38;16;1036.38;18
CDB BANCO PAN S/A - MAR/2...;17/03/2027;13.78;3;R$ 1.529.06;21;1529.06;18
CDB FIBRA - MAR/2027;17/03/2027;13.78;8;R$ 1.493.93;91;1493.93;18
CDB BANCO PAN S/A - MAR/2...;16/03/2027;13.78;3;R$ 1.512.41;13;1512.41;18
CDB BMG - MAI/2027;20/05/2027;13.78;3;R$ 1.67;15751;1.67;18
CDB BANCO PAN S/A - JAN/2...;22/01/2027;13.78;3;R$ 1.523.04;22;1523.04;18
CDB BANCO PAN S/A - JAN/2...;20/01/2027;13.78;3;R$ 1.515.48;46;1515.48;18
CDB BANCO PAN S/A - JAN/2...;21/01/2027;13.78;3;R$ 1.510.52;5;1510.52;18
CDB BANCO PAN S/A - MAR/2...;19/03/2027;13.78;3;R$ 1.532.09;19;1532.09;18
CDB BANCO C6 CONSIGNADO S...;01/03/2027;13.78;3;R$ 1.295.18;1;1295.18;18
CDB BMG - DEZ/2026;13/12/2026;13.78;2;R$ 1.36;3;1.36;18
CDB BANCO PAN S/A - DEZ/2...;15/12/2026;13.78;2;R$ 1.412.27;3;1412.27;18
CDB BANCO C6 CONSIGNADO S...;17/05/2027;13.78;3;R$ 1.045.78;8;1045.78;18
CDB FIBRA - MAR/2027;28/03/2027;13.78;8;R$ 1.515.35;10;1515.35;18
CDB FIBRA - MAR/2027;22/03/2027;13.78;8;R$ 1.530.45;23;1530.45;18
CDB PINE - MAI/2027;17/05/2027;13.78;3;R$ 1.076.60;18;1076.6;18
CDB BANCO PAN S/A - MAR/2...;24/03/2027;13.78;3;R$ 1.565.39;4;1565.39;18
CDB PINE - JAN/2027;18/01/2027;13.78;3;R$ 1.503.65;2;1503.65;18
CDB FIBRA - JAN/2027;20/01/2027;13.78;8;R$ 1.493.60;1;1493.6;18
CDB BANCO C6 S.A. - MAI/2...;17/05/2027;13.78;3;R$ 1.036.38;16;1036.38;18
CDB BANCO PAN S/A - MAR/2...;17/03/2027;13.78;3;R$ 1.529.06;21;1529.06;18
CDB FIBRA - MAR/2027;17/03/2027;13.78;8;R$ 1.493.93;91;1493.93;18
CDB BANCO PAN S/A - MAR/2...;16/03/2027;13.78;3;R$ 1.512.41;13;1512.41;18
CDB BMG - MAI/2027;20/05/2027;13.78;3;R$ 1.67;15751;1.67;18
CDB BANCO PAN S/A - JAN/2...;22/01/2027;13.78;3;R$ 1.523.04;22;1523.04;18
CDB BANCO PAN S/A - JAN/2...;20/01/2027;13.78;3;R$ 1.515.48;46;1515.48;18
CDB BANCO PAN S/A - JAN/2...;21/01/2027;13.78;3;R$ 1.510.52;5;1510.52;18
CDB BANCO PAN S/A - MAR/2...;19/03/2027;13.78;3;R$ 1.532.09;19;1532.09;18
CDB BANCO C6 CONSIGNADO S...;01/03/2027;13.78;3;R$ 1.295.18;1;1295.18;18
CDB BMG - DEZ/2026;13/12/2026;13.78;2;R$ 1.36;3;1.36;18
CDB BANCO PAN S/A - DEZ/2...;15/12/2026;13.78;2;R$ 1.412.27;3;1412.27;18
CDB BANCO C6 CONSIGNADO S...;17/05/2027;13.78;3;R$ 1.045.78;8;1045.78;18
CDB FIBRA - MAR/2027;28/03/2027;13.78;8;R$ 1.515.35;10;1515.35;18
CDB FIBRA - MAR/2027;22/03/2027;13.78;8;R$ 1.530.45;23;1530.45;18
CDB PINE - MAI/2027;17/05/2027;13.78;3;R$ 1.076.60;18;1076.6;18
CDB BANCO PAN S/A - MAR/2...;24/03/2027;13.78;3;R$ 1.565.39;4;1565.39;18
CDB PINE - JAN/2027;18/01/2027;13.78;3;R$ 1.503.65;2;1503.65;18
CDB FIBRA - JAN/2027;20/01/2027;13.78;8;R$ 1.493.60;1;1493.6;18
CDB BANCO C6 S.A. - MAI/2...;17/05/2027;13.78;3;R$ 1.036.38;16;1036.38;18
CDB BANCO PAN S/A - MAR/2...;17/03/2027;13.78;3;R$ 1.529.06;21;1529.06;18
CDB FIBRA - MAR/2027;17/03/2027;13.78;8;R$ 1.493.93;91;1493.93;18
CDB BANCO PAN S/A - MAR/2...;16/03/2027;13.78;3;R$ 1.512.41;13;1512.41;18
CDB BMG - MAI/2027;20/05/2027;13.78;3;R$ 1.67;15751;1.67;18
CDB BANCO PAN S/A - JAN/2...;22/01/2027;13.78;3;R$ 1.523.04;22;1523.04;18
CDB BANCO PAN S/A - JAN/2...;20/01/2027;13.78;3;R$ 1.515.48;46;1515.48;18
CDB BANCO PAN S/A - JAN/2...;21/01/2027;13.78;3;R$ 1.510.52;5;1510.52;18
CDB BANCO PAN S/A - MAR/2...;19/03/2027;13.78;3;R$ 1.532.09;19;1532.09;18
CDB BANCO C6 CONSIGNADO S...;01/03/2027;13.78;3;R$ 1.295.18;1;1295.18;18
CDB BMG - DEZ/2026;13/12/2026;13.78;2;R$ 1.36;3;1.36;18
CDB BANCO PAN S/A - DEZ/2...;15/12/2026;13.78;2;R$ 1.412.27;3;1412.27;18
CDB BANCO C6 CONSIGNADO S...;17/05/2027;13.78;3;R$ 1.045.78;8;1045.78;18
CDB FIBRA - MAR/2027;28/03/2027;13.78;8;R$ 1.515.35;10;1515.35;18
CDB FIBRA - MAR/2027;22/03/2027;13.78;8;R$ 1.530.45;23;1530.45;18
CDB PINE - MAI/2027;17/05/2027;13.78;3;R$ 1.076.60;18;1076.6;18
CDB BANCO PAN S/A - MAR/2...;24/03/2027;13.78;3;R$ 1.565.39;4;1565.39;18
CDB PINE - JAN/2027;18/01/2027;13.78;3;R$ 1.503.65;2;1503.65;18
CDB FIBRA - JAN/2027;20/01/2027;13.78;8;R$ 1.493.60;1;1493.6;18
CDB BANCO C6 S.A. - MAI/2...;17/05/2027;13.78;3;R$ 1.036.38;16;1036.38;18
CDB BANCO PAN S/A - MAR/2...;17/03/2027;13.78;3;R$ 1.529.06;21;1529.06;18
CDB FIBRA - MAR/2027;17/03/2027;13.78;8;R$ 1.493.93;91;1493.93;18
CDB BANCO PAN S/A - MAR/2...;16/03/2027;13.78;3;R$ 1.512.41;13;1512.41;18
CDB BMG - MAI/2027;20/05/2027;13.78;3;R$ 1.67;15751;1.67;18
CDB BANCO PAN S/A - JAN/2...;22/01/2027;13.78;3;R$ 1.523.04;22;1523.04;18
CDB BANCO PAN S/A - JAN/2...;20/01/2027;13.78;3;R$ 1.515.48;46;1515.48;18
CDB BANCO PAN S/A - JAN/2...;21/01/2027;13.78;3;R$ 1.510.52;5;1510.52;18
CDB BANCO PAN S/A - MAR/2...;19/03/2027;13.78;3;R$ 1.532.09;19;1532.09;18
CDB BANCO C6 CONSIGNADO S...;01/03/2027;13.78;3;R$ 1.295.18;1;1295.18;18
CDB BMG - DEZ/2026;13/12/2026;13.78;2;R$ 1.36;3;1.36;18
CDB BANCO PAN S/A - DEZ/2...;15/12/2026;13.78;2;R$ 1.412.27;3;1412.27;18
CDB BANCO C6 CONSIGNADO S...;17/05/2027;13.78;3;R$ 1.045.78;8;1045.78;18
CDB FIBRA - MAR/2027;28/03/2027;13.78;8;R$ 1.515.35;10;1515.35;18
CDB FIBRA - MAR/2027;22/03/2027;13.78;8;R$ 1.530.45;23;1530.45;18
CDB PINE - MAI/2027;17/05/2027;13.78;3;R$ 1.076.60;18;1076.6;18
CDB BANCO PAN S/A - MAR/2...;24/03/2027;13.78;3;R$ 1.565.39;4;1565.39;18
CDB PINE - JAN/2027;18/01/2027;13.78;3;R$ 1.503.65;2;1503.65;18
CDB FIBRA - JAN/2027;20/01/2027;13.78;8;R$ 1.493.60;1;1493.6;18
CDB BANCO C6 S.A. - MAI/2...;17/05/2027;13.78;3;R$ 1.036.38;16;1036.38;18
CDB BANCO PAN S/A - MAR/2...;17/03/2027;13.78;3;R$ 1.529.06;21;1529.06;18
CDB FIBRA - MAR/2027;17/03/2027;13.78;8;R$ 1.493.93;91;1493.93;18
CDB BANCO PAN S/A - MAR/2...;16/03/2027;13.78;3;R$ 1.512.41;13;1512.41;18
CDB BMG - MAI/2027;20/05/2027;13.78;3;R$ 1.67;15751;1.67;18
CDB BANCO PAN S/A - JAN/2...;22/01/2027;13.78;3;R$ 1.523.04;22;1523.04;18
CDB BANCO PAN S/A - JAN/2...;20/01/2027;13.78;3;R$ 1.515.48;46;1515.48;18
CDB BANCO PAN S/A - JAN/2...;21/01/2027;13.78;3;R$ 1.510.52;5;1510.52;18
CDB BANCO PAN S/A - MAR/2...;19/03/2027;13.78;3;R$ 1.532.09;19;1532.09;18
CDB BANCO C6 CONSIGNADO S...;01/03/2027;13.78;3;R$ 1.295.18;1;1295.18;18
CDB BMG - DEZ/2026;13/12/2026;13.78;2;R$ 1.36;3;1.36;18
CDB BANCO PAN S/A - DEZ/2...;15/12/2026;13.78;2;R$ 1.412.27;3;1412.27;18
CDB BANCO C6 CONSIGNADO S...;17/05/2027;13.78;3;R$ 1.045.78;8;1045.78;18
CDB FIBRA - MAR/2027;28/03/2027;13.78;8;R$ 1.515.35;10;1515.35;18
CDB FIBRA - MAR/2027;22/03/2027;13.78;8;R$ 1.530.45;23;1530.45;18
CDB PINE - MAI/2027;17/05/2027;13.78;3;R$ 1.076.60;18;1076.6;18
CDB BANCO PAN S/A - MAR/2...;24/03/2027;13.78;3;R$ 1.565.39;4;1565.39;18
CDB PINE - JAN/2027;18/01/2027;13.78;3;R$ 1.503.65;2;1503.65;18
CDB FIBRA - JAN/2027;20/01/2027;13.78;8;R$ 1.493.60;1;1493.6;18
CDB BANCO C6 S.A. - MAI/2...;17/05/2027;13.78;3;R$ 1.036.38;16;1036.38;18
CDB BANCO PAN S/A - MAR/2...;17/03/2027;13.78;3;R$ 1.529.06;21;1529.06;18
CDB FIBRA - MAR/2027;17/03/2027;13.78;8;R$ 1.493.93;91;1493.93;18
CDB BANCO PAN S/A - MAR/2...;16/03/2027;13.78;3;R$ 1.512.41;13;1512.41;18
CDB BMG - MAI/2027;20/05/2027;13.78;3;R$ 1.67;15751;1.67;18
CDB BANCO PAN S/A - JAN/2...;22/01/2027;13.78;3;R$ 1.523.04;22;1523.04;18
CDB BANCO PAN S/A - JAN/2...;20/01/2027;13.78;3;R$ 1.515.48;46;1515.48;18
CDB BANCO PAN S/A - JAN/2...;21/01/2027;13.78;3;R$ 1.510.52;5;1510.52;18
CDB BANCO PAN S/A - MAR/2...;19/03/2027;13.78;3;R$ 1.532.09;19;1532.09;18
CDB BANCO C6 CONSIGNADO S...;01/03/2027;13.78;3;R$ 1.295.18;1;1295.18;18
CDB BMG - DEZ/2026;13/12/2026;13.78;2;R$ 1.36;3;1.36;18
CDB BANCO PAN S/A - DEZ/2...;15/12/2026;13.78;2;R$ 1.412.27;3;1412.27;18
CDB BANCO C6 CONSIGNADO S...;17/05/2027;13.78;3;R$ 1.045.78;8;1045.78;18
CDB FIBRA - MAR/2027;28/03/2027;13.78;8;R$ 1.515.35;10;1515.35;18
CDB FIBRA - MAR/2027;22/03/2027;13.78;8;R$ 1.530.45;23;1530.45;18
CDB PINE - MAI/2027;17/05/2027;13.78;3;R$ 1.076.60;18;1076.6;18
CDB BANCO PAN S/A - MAR/2...;24/03/2027;13.78;3;R$ 1.565.39;4;1565.39;18
CDB PINE - JAN/2027;18/01/2027;13.78;3;R$ 1.503.65;2;1503.65;18
CDB FIBRA - JAN/2027;20/01/2027;13.78;8;R$ 1.493.60;1;1493.6;18
CDB BANCO C6 S.A. - MAI/2...;17/05/2027;13.78;3;R$ 1.036.38;16;1036.38;18
CDB BANCO PAN S/A - MAR/2...;17/03/2027;13.78;3;R$ 1.529.06;21;1529.06;18
CDB FIBRA - MAR/2027;17/03/2027;13.78;8;R$ 1.493.93;91;1493.93;18
CDB BANCO PAN S/A - MAR/2...;16/03/2027;13.78;3;R$ 1.512.41;13;1512.41;18
CDB BMG - MAI/2027;20/05/2027;13.78;3;R$ 1.67;15751;1.67;18
CDB BANCO PAN S/A - JAN/2...;22/01/2027;13.78;3;R$ 1.523.04;22;1523.04;18
CDB BANCO PAN S/A - JAN/2...;20/01/2027;13.78;3;R$ 1.515.48;46;1515.48;18
CDB BANCO PAN S/A - JAN/2...;21/01/2027;13.78;3;R$ 1.510.52;5;1510.52;18
CDB BANCO PAN S/A - MAR/2...;19/03/2027;13.78;3;R$ 1.532.09;19;1532.09;18
CDB BANCO C6 CONSIGNADO S...;01/03/2027;13.78;3;R$ 1.295.18;1;1295.18;18
CDB BMG - DEZ/2026;13/12/2026;13.78;2;R$ 1.36;3;1.36;18
CDB BANCO PAN S/A - DEZ/2...;15/12/2026;13.78;2;R$ 1.412.27;3;1412.27;18
CDB BANCO C6 CONSIGNADO S...;17/05/2027;13.78;3;R$ 1.045.78;8;1045.78;18
CDB FIBRA - MAR/2027;28/03/2027;13.78;8;R$ 1.515.35;10;1515.35;18
CDB FIBRA - MAR/2027;22/03/2027;13.78;8;R$ 1.530.45;23;1530.45;18
CDB PINE - MAI/2027;17/05/2027;13.78;3;R$ 1.076.60;18;1076.6;18
CDB BANCO PAN S/A - MAR/2...;24/03/2027;13.78;3;R$ 1.565.39;4;1565.39;18
CDB PINE - JAN/2027;18/01/2027;13.78;3;R$ 1.503.65;2;1503.65;18
CDB FIBRA - JAN/2027;20/01/2027;13.78;8;R$ 1.493.60;1;1493.6;18
CDB BANCO C6 S.A. - MAI/2...;17/05/2027;13.78;3;R$ 1.036.38;16;1036.38;18
CDB BANCO PAN S/A - MAR/2...;17/03/2027;13.78;3;R$ 1.529.06;21;1529.06;18
CDB FIBRA - MAR/2027;17/03/2027;13.78;8;R$ 1.493.93;91;1493.93;18
CDB BANCO PAN S/A - MAR/2...;16/03/2027;13.78;3;R$ 1.512.41;13;1512.41;18
CDB BMG - MAI/2027;20/05/2027;13.78;3;R$ 1.67;15751;1.67;18
CDB BANCO PAN S/A - JAN/2...;22/01/2027;13.78;3;R$ 1.523.04;22;1523.04;18
CDB BANCO PAN S/A - JAN/2...;20/01/2027;13.78;3;R$ 1.515.48;46;1515.48;18
CDB BANCO PAN S/A - JAN/2...;21/01/2027;13.78;3;R$ 1.510.52;5;1510.52;18
CDB BANCO PAN S/A - MAR/2...;19/03/2027;13.78;3;R$ 1.532.09;19;1532.09;18
CDB BANCO C6 CONSIGNADO S...;01/03/2027;13.78;3;R$ 1.295.18;1;1295.18;18
CDB BMG - DEZ/2026;13/12/2026;13.78;2;R$ 1.36;3;1.36;18
CDB BANCO PAN S/A - DEZ/2...;15/12/2026;13.78;2;R$ 1.412.27;3;1412.27;18
CDB BANCO C6 CONSIGNADO S...;17/05/2027;13.78;3;R$ 1.045.78;8;1045.78;18
CDB FIBRA - MAR/2027;28/03/2027;13.78;8;R$ 1.515.35;10;1515.35;18
CDB FIBRA - MAR/2027;22/03/2027;13.78;8;R$ 1.530.45;23;1530.45;18
CDB PINE - MAI/2027;17/05/2027;13.78;3;R$ 1.076.60;18;1076.6;18
CDB BANCO PAN S/A - MAR/2...;24/03/2027;13.78;3;R$ 1.565.39;4;1565.39;18
CDB PINE - JAN/2027;18/01/2027;13.78;3;R$ 1.503.65;2;1503.65;18
CDB FIBRA - JAN/2027;20/01/2027;13.78;8;R$ 1.493.60;1;1493.6;18
CDB BANCO C6 S.A. - MAI/2...;17/05/2027;13.78;3;R$ 1.036.38;16;1036.38;18
CDB BANCO PAN S/A - MAR/2...;17/03/2027;13.78;3;R$ 1.529.06;21;1529.06;18
CDB FIBRA - MAR/2027;17/03/2027;13.78;8;R$ 1.493.93;91;1493.93;18
CDB BANCO PAN S/A - MAR/2...;16/03/2027;13.78;3;R$ 1.512.41;13;1512.41;18
CDB BMG - MAI/2027;20/05/2027;13.78;3;R$ 1.67;15751;1.67;18
CDB BANCO PAN S/A - JAN/2...;22/01/2027;13.78;3;R$ 1.523.04;22;1523.04;18
CDB BANCO PAN S/A - JAN/2...;20/01/2027;13.78;3;R$ 1.515.48;46;1515.48;18
CDB BANCO PAN S/A - JAN/2...;21/01/2027;13.78;3;R$ 1.510.52;5;1510.52;18
CDB BANCO PAN S/A - MAR/2...;19/03/2027;13.78;3;R$ 1.532.09;19;1532.09;18
CDB BANCO C6 CONSIGNADO S...;01/03/2027;13.78;3;R$ 1.295.18;1;1295.18;18
CDB BMG - DEZ/2026;13/12/2026;13.78;2;R$ 1.36;3;1.36;18
CDB BANCO PAN S/A - DEZ/2...;15/12/2026;13.78;2;R$ 1.412.27;3;1412.27;18
CDB BANCO C6 CONSIGNADO S...;17/05/2027;13.78;3;R$ 1.045.78;8;1045.78;18
CDB FIBRA - MAR/2027;28/03/2027;13.78;8;R$ 1.515.35;10;1515.35;18
CDB FIBRA - MAR/2027;22/03/2027;13.78;8;R$ 1.530.45;23;1530.45;18
CDB PINE - MAI/2027;17/05/2027;13.78;3;R$ 1.076.60;18;1076.6;18
CDB BANCO PAN S/A - MAR/2...;24/03/2027;13.78;3;R$ 1.565.39;4;1565.39;18
CDB PINE - JAN/2027;18/01/2027;13.78;3;R$ 1.503.65;2;1503.65;18
CDB FIBRA - JAN/2027;20/01/2027;13.78;8;R$ 1.493.60;1;1493.6;18
CDB BANCO C6 S.A. - MAI/2...;17/05/2027;13.78;3;R$ 1.036.38;16;1036.38;18
CDB BANCO PAN S/A - MAR/2...;17/03/2027;13.78;3;R$ 1.529.06;21;1529.06;18
CDB FIBRA - MAR/2027;17/03/2027;13.78;8;R$ 1.493.93;91;1493.93;18
CDB BANCO PAN S/A - MAR/2...;16/03/2027;13.78;3;R$ 1.512.41;13;1512.41;18
CDB BMG - MAI/2027;20/05/2027;13.78;3;R$ 1.67;15751;1.67;18
CDB BANCO PAN S/A - JAN/2...;22/01/2027;13.78;3;R$ 1.523.04;22;1523.04;18
CDB BANCO PAN S/A - JAN/2...;20/01/2027;13.78;3;R$ 1.515.48;46;1515.48;18
CDB BANCO PAN S/A - JAN/2...;21/01/2027;13.78;3;R$ 1.510.52;5;1510.52;18
CDB BANCO PAN S/A - MAR/2...;19/03/2027;13.78;3;R$ 1.532.09;19;1532.09;18
CDB BANCO C6 CONSIGNADO S...;01/03/2027;13.78;3;R$ 1.295.18;1;1295.18;18
CDB BMG - DEZ/2026;13/12/2026;13.78;2;R$ 1.36;3;1.36;18
CDB BANCO PAN S/A - DEZ/2...;15/12/2026;13.78;2;R$ 1.412.27;3;1412.27;18
CDB BANCO C6 CONSIGNADO S...;17/05/2027;13.78;3;R$ 1.045.78;8;1045.78;18
CDB FIBRA - MAR/2027;28/03/2027;13.78;8;R$ 1.515.35;10;1515.35;18
CDB FIBRA - MAR/2027;22/03/2027;13.78;8;R$ 1.530.45;23;1530.45;18
CDB PINE - MAI/2027;17/05/2027;13.78;3;R$ 1.076.60;18;1076.6;18
CDB BANCO PAN S/A - MAR/2...;24/03/2027;13.78;3;R$ 1.565.39;4;1565.39;18
CDB PINE - JAN/2027;18/01/2027;13.78;3;R$ 1.503.65;2;1503.65;18
CDB FIBRA - JAN/2027;20/01/2027;13.78;8;R$ 1.493.60;1;1493.6;18
CDB BANCO C6 S.A. - MAI/2...;17/05/2027;13.78;3;R$ 1.036.38;16;1036.38;18
CDB BANCO PAN S/A - MAR/2...;17/03/2027;13.78;3;R$ 1.529.06;21;1529.06;18
CDB FIBRA - MAR/2027;17/03/2027;13.78;8;R$ 1.493.93;91;1493.93;18
CDB BANCO PAN S/A - MAR/2...;16/03/2027;13.78;3;R$ 1.512.41;13;1512.41;18
CDB BMG - MAI/2027;20/05/2027;13.78;3;R$ 1.67;15751;1.67;18
CDB BANCO PAN S/A - JAN/2...;22/01/2027;13.78;3;R$ 1.523.04;22;1523.04;18
CDB BANCO PAN S/A - JAN/2...;20/01/2027;13.78;3;R$ 1.515.48;46;1515.48;18
CDB BANCO PAN S/A - JAN/2...;21/01/2027;13.78;3;R$ 1.510.52;5;1510.52;18
CDB BANCO PAN S/A - MAR/2...;19/03/2027;13.78;3;R$ 1.532.09;19;1532.09;18
CDB BANCO C6 CONSIGNADO S...;01/03/2027;13.78;3;R$ 1.295.18;1;1295.18;18
CDB BMG - DEZ/2026;13/12/2026;13.78;2;R$ 1.36;3;1.36;18
CDB BANCO PAN S/A - DEZ/2...;15/12/2026;13.78;2;R$ 1.412.27;3;1412.27;18
CDB BANCO C6 CONSIGNADO S...;17/05/2027;13.78;3;R$ 1.045.78;8;1045.78;18
CDB FIBRA - MAR/2027;28/03/2027;13.78;8;R$ 1.515.35;10;1515.35;18
CDB FIBRA - MAR/2027;22/03/2027;13.78;8;R$ 1.530.45;23;1530.45;18
CDB PINE - MAI/2027;17/05/2027;13.78;3;R$ 1.076.60;18;1076.6;18
CDB BANCO PAN S/A - MAR/2...;24/03/2027;13.78;3;R$ 1.565.39;4;1565.39;18
CDB PINE - JAN/2027;18/01/2027;13.78;3;R$ 1.503.65;2;1503.65;18
CDB FIBRA - JAN/2027;20/01/2027;13.78;8;R$ 1.493.60;1;1493.6;18
CDB BANCO C6 S.A. - MAI/2...;17/05/2027;13.78;3;R$ 1.036.38;16;1036.38;18
CDB BANCO PAN S/A - MAR/2...;17/03/2027;13.78;3;R$ 1.529.06;21;1529.06;18
CDB FIBRA - MAR/2027;17/03/2027;13.78;8;R$ 1.493.93;91;1493.93;18
CDB BANCO PAN S/A - MAR/2...;16/03/2027;13.78;3;R$ 1.512.41;13;1512.41;18
CDB BMG - MAI/2027;20/05/2027;13.78;3;R$ 1.67;15751;1.67;18
CDB BANCO PAN S/A - JAN/2...;22/01/2027;13.78;3;R$ 1.523.04;22;1523.04;18
CDB BANCO PAN S/A - JAN/2...;20/01/2027;13.78;3;R$ 1.515.48;46;1515.48;18
CDB BANCO PAN S/A - JAN/2...;21/01/2027;13.78;3;R$ 1.510.52;5;1510.52;18
CDB BANCO PAN S/A - MAR/2...;19/03/2027;13.78;3;R$ 1.532.09;19;1532.09;18
CDB BANCO C6 CONSIGNADO S...;01/03/2027;13.78;3;R$ 1.295.18;1;1295.18;18
CDB BMG - DEZ/2026;13/12/2026;13.78;2;R$ 1.36;3;1.36;18
CDB BANCO PAN S/A - DEZ/2...;15/12/2026;13.78;2;R$ 1.412.27;3;1412.27;18
CDB BANCO C6 CONSIGNADO S...;17/05/2027;13.78;3;R$ 1.045.78;8;1045.78;18
CDB FIBRA - MAR/2027;28/03/2027;13.78;8;R$ 1.515.35;10;1515.35;18
CDB FIBRA - MAR/2027;22/03/2027;13.78;8;R$ 1.530.45;23;1530.45;18
CDB PINE - MAI/2027;17/05/2027;13.78;3;R$ 1.076.60;18;1076.6;18
CDB BANCO PAN S/A - MAR/2...;24/03/2027;13.78;3;R$ 1.565.39;4;1565.39;18
CDB PINE - JAN/2027;18/01/2027;13.78;3;R$ 1.503.65;2;1503.65;18
CDB FIBRA - JAN/2027;20/01/2027;13.78;8;R$ 1.493.60;1;1493.6;18
CDB BANCO C6 S.A. - MAI/2...;17/05/2027;13.78;3;R$ 1.036.38;16;1036.38;18
CDB BANCO PAN S/A - MAR/2...;17/03/2027;13.78;3;R$ 1.529.06;21;1529.06;18
CDB FIBRA - MAR/2027;17/03/2027;13.78;8;R$ 1.493.93;91;1493.93;18
CDB BANCO PAN S/A - MAR/2...;16/03/2027;13.78;3;R$ 1.512.41;13;1512.41;18
CDB BMG - MAI/2027;20/05/2027;13.78;3;R$ 1.67;15751;1.67;18
CDB BANCO PAN S/A - JAN/2...;22/01/2027;13.78;3;R$ 1.523.04;22;1523.04;18
CDB BANCO PAN S/A - JAN/2...;20/01/2027;13.78;3;R$ 1.515.48;46;1515.48;18
CDB BANCO PAN S/A - JAN/2...;21/01/2027;13.78;3;R$ 1.510.52;5;1510.52;18
CDB BANCO PAN S/A - MAR/2...;19/03/2027;13.78;3;R$ 1.532.09;19;1532.09;18
CDB BANCO C6 CONSIGNADO S...;01/03/2027;13.78;3;R$ 1.295.18;1;1295.18;18
CDB BMG - DEZ/2026;13/12/2026;13.78;2;R$ 1.36;3;1.36;18
CDB BANCO PAN S/A - DEZ/2...;15/12/2026;13.78;2;R$ 1.412.27;3;1412.27;18
CDB BANCO C6 CONSIGNADO S...;17/05/2027;13.78;3;R$ 1.045.78;8;1045.78;18
CDB FIBRA - MAR/2027;28/03/2027;13.78;8;R$ 1.515.35;10;1515.35;18
CDB FIBRA - MAR/2027;22/03/2027;13.78;8;R$ 1.530.45;23;1530.45;18
CDB PINE - MAI/2027;17/05/2027;13.78;3;R$ 1.076.60;18;1076.6;18
CDB BANCO PAN S/A - MAR/2...;24/03/2027;13.78;3;R$ 1.565.39;4;1565.39;18
CDB PINE - JAN/2027;18/01/2027;13.78;3;R$ 1.503.65;2;1503.65;18
CDB FIBRA - JAN/2027;20/01/2027;13.78;8;R$ 1.493.60;1;1493.6;18
CDB BANCO C6 S.A. - MAI/2...;17/05/2027;13.78;3;R$ 1.036.38;16;1036.38;18
CDB BANCO PAN S/A - MAR/2...;17/03/2027;13.78;3;R$ 1.529.06;21;1529.06;18
CDB FIBRA - MAR/2027;17/03/2027;13.78;8;R$ 1.493.93;91;1493.93;18
CDB BANCO PAN S/A - MAR/2...;16/03/2027;13.78;3;R$ 1.512.41;13;1512.41;18
CDB BMG - MAI/2027;20/05/2027;13.78;3;R$ 1.67;15751;1.67;18
CDB BANCO PAN S/A - JAN/2...;22/01/2027;13.78;3;R$ 1.523.04;22;1523.04;18
CDB BANCO PAN S/A - JAN/2...;20/01/2027;13.78;3;R$ 1.515.48;46;1515.48;18
CDB BANCO PAN S/A - JAN/2...;21/01/2027;13.78;3;R$ 1.510.52;5;1510.52;18
CDB BANCO PAN S/A - MAR/2...;19/03/2027;13.78;3;R$ 1.532.09;19;1532.09;18
CDB BANCO C6 CONSIGNADO S...;01/03/2027;13.78;3;R$ 1.295.18;1;1295.18;18
CDB BMG - DEZ/2026;13/12/2026;13.78;2;R$ 1.36;3;1.36;18
CDB BANCO PAN S/A - DEZ/2...;15/12/2026;13.78;2;R$ 1.412.27;3;1412.27;18
CDB BANCO C6 CONSIGNADO S...;17/05/2027;13.78;3;R$ 1.045.78;8;1045.78;18
CDB FIBRA - MAR/2027;28/03/2027;13.78;8;R$ 1.515.35;10;1515.35;18
CDB FIBRA - MAR/2027;22/03/2027;13.78;8;R$ 1.530.45;23;1530.45;18
CDB PINE - MAI/2027;17/05/2027;13.78;3;R$ 1.076.60;18;1076.6;18
CDB BANCO PAN S/A - MAR/2...;24/03/2027;13.78;3;R$ 1.565.39;4;1565.39;18
CDB PINE - FEV/2027;10/02/2027;13.78;3;R$ 1.378.18;23;1378.18;18
CDB FIBRA - ABR/2027;07/04/2027;13.78;8;R$ 1.514.84;2;1514.84;18
CDB AGIBANK - MAR/2027;29/03/2027;13.78;3;R$ 1.141.08;20;1141.08;18
CDB AGIBANK - MAR/2027;29/03/2027;13.78;3;R$ 1.141.02;5;1141.02;18
CDB BANCO C6 CONSIGNADO S...;17/05/2027;13.78;3;R$ 1.060.88;15;1060.88;18
CDB FIBRA - MAR/2027;30/03/2027;13.78;8;R$ 1.513.87;5;1513.87;18
CDB FIBRA - MAR/2027;30/03/2027;13.78;8;R$ 1.531.15;3;1531.15;18
CDB BANCO PAN S/A - DEZ/2...;10/12/2026;13.78;2;R$ 1.413.94;2;1413.94;18
CDB ORIGINAL - MAR/2027;02/03/2027;13.78;8;R$ 1.428.57;2;1428.57;18
CDB AGIBANK - MAR/2027;25/03/2027;13.78;3;R$ 1.142.03;12;1142.03;18
CDB AGIBANK - ABR/2027;02/04/2027;13.78;3;R$ 1.139.59;12;1139.59;18
CDB BANCO PAN S/A - ABR/2...;05/04/2027;13.78;3;R$ 1.277.40;17;1277.4;18
CDB ORIGINAL - MAR/2027;03/03/2027;13.78;8;R$ 1.421.37;1;1421.37;18
CDB FIBRA - ABR/2027;02/04/2027;13.78;8;R$ 1.189.91;1;1189.91;18
CDB AGIBANK - MAR/2027;12/03/2027;13.78;3;R$ 1.146.41;7;1146.41;18
CDB AGIBANK - ABR/2027;05/04/2027;13.78;3;R$ 1.136.50;75;1136.5;18
CDB BANCO PAN S/A - DEZ/2...;21/12/2026;13.78;3;R$ 1.518.88;20;1518.88;18
CDB BMG - DEZ/2026;18/12/2026;13.78;2;R$ 1.24;327;1.24;18
CDB BMG - JAN/2027;15/01/2027;13.78;3;R$ 1.14;7;1.14;18
CDB AGIBANK - MAR/2027;29/03/2027;13.78;3;R$ 1.143.44;2;1143.44;18
CDB BMG - JAN/2027;11/01/2027;13.78;3;R$ 1.24;4;1.24;18
CDB BMG - MAR/2027;08/03/2027;13.78;3;R$ 1.14;3280;1.14;18
CDB BANCO PAN S/A - DEZ/2...;23/12/2026;13.78;3;R$ 1.500.62;2;1500.62;18
CDB FIBRA - JAN/2027;08/01/2027;13.78;8;R$ 1.327.19;1;1327.19;18
CDB PINE - DEZ/2026;18/12/2026;13.78;2;R$ 1.691.37;7;1691.37;18
CDB AGIBANK - MAR/2027;08/03/2027;13.78;3;R$ 1.146.08;15;1146.08;18
CDB AGIBANK - MAR/2027;04/03/2027;13.78;3;R$ 1.155.80;39;1155.8;18
CDB BANCO C6 CONSIGNADO S...;10/02/2027;13.78;3;R$ 1.336.16;1;1336.16;18
CDB FIBRA - MAI/2027;25/05/2027;13.78;8;R$ 1.461.93;4;1461.93;18
CDB PINE - DEZ/2026;27/12/2026;13.78;3;R$ 1.681.68;9;1681.68;18
CDB BMG - MAR/2027;01/03/2027;13.78;3;R$ 1.14;16;1.14;18
CDB BMG - ABR/2027;07/04/2027;13.78;3;R$ 1.73;14062;1.73;18
CDB PINE - MAR/2027;01/03/2027;13.78;3;R$ 1.148.09;1;1148.09;18
CDB BANCO BV S/A - MAI/20...;17/05/2027;13.78;3;R$ 1.055.97;38;1055.97;18
CDB BANCO PAN S/A - ABR/2...;12/04/2027;13.78;3;R$ 1.261.58;3;1261.58;18
CDB BMG - JAN/2027;29/01/2027;13.78;3;R$ 1.08;8874;1.08;18
CDB BANCO C6 CONSIGNADO S...;22/01/2027;13.78;3;R$ 1.155.07;1;1155.07;18
CDB BANCO PAN S/A - JAN/2...;05/01/2027;13.78;3;R$ 1.491.29;42;1491.29;18
CDB BANCO PAN S/A - JAN/2...;20/01/2027;13.78;3;R$ 1.420.33;9;1420.33;18
CDB BANCO PAN S/A - MAI/2...;24/05/2027;13.78;3;R$ 1.229.69;19;1229.69;18
CDB BMG - FEV/2027;10/02/2027;13.78;3;R$ 1.45;24;1.45;18
CDB BANCO PAN S/A - FEV/2...;11/02/2027;13.78;3;R$ 1.488.59;8;1488.59;18
CDB BMG - ABR/2027;06/04/2027;13.78;3;R$ 1.73;12;1.73;18
CDB BANCO PAN S/A - FEV/2...;12/02/2027;13.78;3;R$ 1.492.21;37;1492.21;18
CDB AGIBANK - MAR/2027;08/03/2027;13.78;3;R$ 1.148.80;12;1148.8;18
CDB BMG - MAR/2027;04/03/2027;13.78;3;R$ 1.14;46554;1.14;18
CDB AGIBANK - MAR/2027;04/03/2027;13.78;3;R$ 1.149.36;4;1149.36;18
CDB BANCO PAN S/A - MAI/2...;10/05/2027;13.78;3;R$ 1.241.45;50;1241.45;18
CDB BMG - JAN/2027;15/01/2027;13.78;3;R$ 1.57;2675;1.57;18
CDB BANCO C6 CONSIGNADO S...;17/05/2027;13.78;3;R$ 1.072.48;89;1072.48;18
CDB BMG - JAN/2027;18/01/2027;13.78;3;R$ 1.14;27;1.14;18
CDB BMG - JAN/2027;15/01/2027;13.78;3;R$ 1.60;13;1.6;18
CDB BANCO C6 CONSIGNADO S...;25/01/2027;13.78;3;R$ 1.152.76;6;1152.76;18
CDB FIBRA - MAR/2027;05/03/2027;13.78;8;R$ 1.037.90;2;1037.9;18
CDB BMG - JAN/2027;13/01/2027;13.78;3;R$ 1.58;1;1.58;18
CDB PINE - DEZ/2026;21/12/2026;13.78;3;R$ 1.343.81;29;1343.81;18
CDB FIBRA - DEZ/2026;22/12/2026;13.78;8;R$ 1.086.29;10;1086.29;18
CDB PINE - DEZ/2026;19/12/2026;13.78;2;R$ 1.410.78;14;1410.78;18
CDB PINE - JAN/2027;17/01/2027;13.78;3;R$ 1.640.37;22;1640.37;18
CDB FIBRA - MAI/2027;24/05/2027;13.78;8;R$ 1.335.73;3;1335.73;18
CDB BANCO C6 CONSIGNADO S...;17/05/2027;13.78;3;R$ 1.057.96;3;1057.96;18
CDB BANCO C6 CONSIGNADO S...;22/03/2027;13.78;3;R$ 1.255.26;32;1255.26;18
CDB BANCO PAN S/A - MAI/2...;12/05/2027;13.78;3;R$ 1.348.34;234;1348.34;18
CDB BMG - MAI/2027;24/05/2027;13.78;3;R$ 1.12;4000;1.12;18
CDB BANCO PAN S/A - FEV/2...;28/02/2027;13.78;3;R$ 1.515.59;65;1515.59;18
CDB PINE - ABR/2027;22/04/2027;13.78;3;R$ 1.129.20;5;1129.2;18
CDB BANCO PAN S/A - JAN/2...;27/01/2027;13.78;3;R$ 1.516.60;14;1516.6;18
CDB FIBRA - FEV/2027;18/02/2027;13.78;8;R$ 1.047.14;10;1047.14;18
CDB FIBRA - MAI/2027;23/05/2027;13.78;8;R$ 1.454.95;32;1454.95;18
CDB FIBRA - JAN/2027;25/01/2027;13.78;8;R$ 1.513.07;2;1513.07;18
CDB BANCO PAN S/A - DEZ/2...;30/12/2026;13.78;3;R$ 1.493.53;5;1493.53;18
CDB AGIBANK - JUN/2027;20/06/2027;13.78;3;R$ 1.000.00;19735;1000;15
CDB PINE - MAR/2027;08/03/2027;13.78;3;R$ 1.046.76;16;1046.76;18
CDB BANCO PAN S/A - JAN/2...;26/01/2027;13.78;3;R$ 1.508.60;12;1508.6;18
CDB BMG - ABR/2027;19/04/2027;13.78;3;R$ 1.64;1016;1.64;18
CDB BMG - ABR/2027;22/04/2027;13.78;3;R$ 1.66;36;1.66;18
CDB BMG - ABR/2027;22/04/2027;13.78;3;R$ 1.68;100;1.68;18
CDB FIBRA - MAI/2027;20/05/2027;13.78;8;R$ 1.455.56;3;1455.56;18
CDB FIBRA - MAI/2027;19/05/2027;13.78;8;R$ 1.481.21;17;1481.21;18
CDB BANCO PAN S/A - JAN/2...;08/01/2027;13.78;3;R$ 1.498.21;70;1498.21;18
CDB AGIBANK - ABR/2027;01/04/2027;13.78;3;R$ 1.135.26;3;1135.26;18
CDB BANCO C6 CONSIGNADO S...;19/05/2027;13.78;3;R$ 1.065.22;6;1065.22;18
CDB FIBRA - MAR/2027;01/03/2027;13.78;8;R$ 1.268.76;12;1268.76;18
CDB BANCO PAN S/A - MAR/2...;24/03/2027;13.78;3;R$ 1.373.52;22;1373.52;18
CDB ORIGINAL - MAR/2027;08/03/2027;13.78;8;R$ 1.437.57;27;1437.57;18
CDB ORIGINAL - FEV/2027;22/02/2027;13.78;8;R$ 1.418.39;4;1418.39;18
CDB BANCO C6 CONSIGNADO S...;17/05/2027;13.78;3;R$ 1.060.88;15;1060.88;18
CDB BMG - DEZ/2026;11/12/2026;13.78;2;R$ 1.22;66031;1.22;18
CDB BANCO PAN S/A - ABR/2...;19/04/2027;13.78;3;R$ 1.254.77;1;1254.77;18
CDB FIBRA - MAR/2027;29/03/2027;13.78;8;R$ 1.059.43;10;1059.43;18
CDB BANCO C6 CONSIGNADO S...;11/01/2027;13.78;3;R$ 1.153.97;1;1153.97;18
CDB BANCO PAN S/A - MAR/2...;31/03/2027;13.78;3;R$ 1.270.50;5;1270.5;18
CDB BMG - JAN/2027;18/01/2027;13.78;3;R$ 1.14;27;1.14;18
CDB BANCO PAN S/A - FEV/2...;02/02/2027;13.78;3;R$ 1.496.94;3;1496.94;18
CDB BANCO PAN S/A - MAR/2...;25/03/2027;13.78;3;R$ 1.573.61;14;1573.61;18
CDB BANCO C6 CONSIGNADO S...;02/03/2027;13.78;3;R$ 1.300.29;7;1300.29;18
CDB FIBRA - MAR/2027;24/03/2027;13.78;8;R$ 1.533.66;1;1533.66;18
CDB BANCO PAN S/A - MAR/2...;29/03/2027;13.78;3;R$ 1.564.35;139;1564.35;18
CDB BANCO C6 CONSIGNADO S...;10/05/2027;13.78;3;R$ 1.218.18;1;1218.18;18
CDB BMG - DEZ/2026;23/12/2026;13.78;3;R$ 1.22;2;1.22;18
CDB AGIBANK - JAN/2027;18/01/2027;13.78;3;R$ 1.058.28;4;1058.28;18
CDB BMG - ABR/2027;12/04/2027;13.78;3;R$ 1.69;2525;1.69;18
CDB BMG - ABR/2027;16/04/2027;13.78;3;R$ 1.64;2637;1.64;18
CDB BANCO C6 CONSIGNADO S...;17/05/2027;13.78;3;R$ 1.067.19;2;1067.19;18
CDB PINE - ABR/2027;27/04/2027;13.78;3;R$ 1.446.66;1;1446.66;18
CDB BANCO C6 CONSIGNADO S...;17/05/2027;13.78;3;R$ 1.066.55;95;1066.55;18
CDB PINE - JAN/2027;04/01/2027;13.78;3;R$ 1.352.08;3;1352.08;18
CDB BANCO PAN S/A - MAR/2...;07/03/2027;13.78;3;R$ 1.533.97;42;1533.97;18
CDB BANCO PAN S/A - MAR/2...;12/03/2027;13.78;3;R$ 1.522.77;35;1522.77;18
CDB FIBRA - MAR/2027;07/03/2027;13.78;8;R$ 1.469.69;10;1469.69;18
CDB BANCO PAN S/A - MAR/2...;30/03/2027;13.78;3;R$ 1.270.94;20;1270.94;18
CDB FIBRA - JAN/2027;31/01/2027;13.78;8;R$ 1.501.80;1;1501.8;18
CDB BMG - MAI/2027;31/05/2027;13.78;3;R$ 1.08;287;1.08;18
CDB FIBRA - MAR/2027;10/03/2027;13.78;8;R$ 1.467.89;164;1467.89;18
CDB BANCO PAN S/A - MAR/2...;09/03/2027;13.78;3;R$ 1.533.43;76;1533.43;18
CDB BMG - ABR/2027;23/04/2027;13.78;3;R$ 1.70;1;1.7;18
CDB PINE - ABR/2027;24/04/2027;13.78;3;R$ 1.702.41;7;1702.41;18
CDB PINE - ABR/2027;23/04/2027;13.78;3;R$ 1.642.19;5;1642.19;18
CDB PINE - ABR/2027;19/04/2027;13.78;3;R$ 1.136.03;32;1136.03;18
CDB BANCO C6 CONSIGNADO S...;18/01/2027;13.78;3;R$ 1.154.56;30;1154.56;18
CDB BANCO PAN S/A - FEV/2...;05/02/2027;13.78;3;R$ 1.499.29;23;1499.29;18
CDB BANCO PAN S/A - FEV/2...;03/02/2027;13.78;3;R$ 1.496.30;4;1496.3;18
CDB FIBRA - FEV/2027;02/02/2027;13.78;8;R$ 1.475.21;7;1475.21;18
CDB BANCO PAN S/A - DEZ/2...;28/12/2026;13.78;3;R$ 1.059.35;18;1059.35;18
CDB BANCO PAN S/A - JAN/2...;16/01/2027;13.78;3;R$ 1.418.87;52;1418.87;18
CDB BANCO C6 CONSIGNADO S...;10/05/2027;13.78;3;R$ 1.224.24;2;1224.24;18
CDB AGIBANK - MAR/2027;22/03/2027;13.78;3;R$ 1.133.02;30;1133.02;18
CDB BANCO C6 CONSIGNADO S...;29/03/2027;13.78;3;R$ 1.247.97;4;1247.97;18
CDB AGIBANK - ABR/2027;02/04/2027;13.78;3;R$ 1.136.41;7;1136.41;18
CDB AGIBANK - JAN/2027;11/01/2027;13.78;3;R$ 1.060.82;54;1060.82;18
CDB BANCO PAN S/A - ABR/2...;20/04/2027;13.78;3;R$ 1.259.87;152;1259.87;18
CDB AGIBANK - JAN/2027;08/01/2027;13.78;3;R$ 1.061.65;2;1061.65;18
CDB FIBRA - JAN/2027;06/01/2027;13.78;8;R$ 1.472.90;50;1472.9;18
CDB PINE - MAR/2027;13/03/2027;13.78;3;R$ 1.663.37;22;1663.37;18
CDB PINE - MAR/2027;10/03/2027;13.78;3;R$ 1.632.57;2;1632.57;18
CDB PINE - MAR/2027;11/03/2027;13.78;3;R$ 1.659.24;10;1659.24;18
CDB FIBRA - JAN/2027;12/01/2027;13.78;8;R$ 1.528.71;5;1528.71;18
CDB PINE - MAR/2027;17/03/2027;13.78;3;R$ 1.695.47;5;1695.47;18
CDB BANCO PAN S/A - JAN/2...;07/01/2027;13.78;3;R$ 1.498.75;12;1498.75;18
CDB BANCO C6 CONSIGNADO S...;17/05/2027;13.78;3;R$ 1.078.67;10;1078.67;18
CDB AGIBANK - ABR/2027;26/04/2027;13.78;3;R$ 1.112.26;1;1112.26;18
CDB PINE - FEV/2027;13/02/2027;13.78;3;R$ 1.377.02;1;1377.02;18
CDB BANCO PAN S/A - ABR/2...;19/04/2027;13.78;3;R$ 1.264.93;2;1264.93;18
CDB FIBRA - ABR/2027;01/04/2027;13.78;8;R$ 1.186.57;8;1186.57;18
CDB BANCO PAN S/A - DEZ/2...;16/12/2026;13.78;2;R$ 1.512.32;5;1512.32;18
CDB FIBRA - ABR/2027;29/04/2027;13.78;8;R$ 1.117.38;5;1117.38;18
CDB BMG - MAI/2027;24/05/2027;13.78;3;R$ 1.12;3480;1.12;18
CDB BANCO C6 CONSIGNADO S...;01/02/2027;13.78;3;R$ 1.333.66;9;1333.66;18
CDB FIBRA - MAR/2027;22/03/2027;13.78;8;R$ 1.522.76;40;1522.76;18
CDB BANCO PAN S/A - DEZ/2...;18/12/2026;13.78;2;R$ 1.515.36;10;1515.36;18
CDB AGIBANK - DEZ/2026;14/12/2026;13.78;2;R$ 1.162.98;13;1162.98;18
CDB BANCO C6 CONSIGNADO S...;01/02/2027;13.78;3;R$ 1.332.12;3;1332.12;18
CDB AGIBANK - DEZ/2026;14/12/2026;13.78;2;R$ 1.155.63;1;1155.63;18
CDB FIBRA - DEZ/2026;16/12/2026;13.78;7;R$ 1.494.15;66;1494.15;18
CDB FIBRA - MAI/2027;03/05/2027;13.78;8;R$ 1.114.43;2;1114.43;18
CDB PINE - MAR/2027;08/03/2027;13.78;3;R$ 1.047.18;30;1047.18;18
CDB BANCO PAN S/A - FEV/2...;18/02/2027;13.78;3;R$ 1.481.80;1;1481.8;18
CDB BANCO PAN S/A - FEV/2...;19/02/2027;13.78;3;R$ 1.485.41;12;1485.41;18
CDB FIBRA - MAI/2027;12/05/2027;13.78;8;R$ 1.460.21;7;1460.21;18
CDB PINE - JAN/2027;20/01/2027;13.78;3;R$ 1.672.34;16;1672.34;18
CDB FIBRA - FEV/2027;22/02/2027;13.78;8;R$ 1.496.78;21;1496.78;18
CDB AGIBANK - JAN/2027;13/01/2027;13.78;3;R$ 1.062.47;72;1062.47;18
CDB ORIGINAL - MAR/2027;09/03/2027;13.78;8;R$ 1.438.87;23;1438.87;18
CDB BMG - MAI/2027;13/05/2027;13.78;3;R$ 1.46;2;1.46;18
CDB BANCO PAN S/A - MAR/2...;11/03/2027;13.78;3;R$ 1.402.07;13;1402.07;18
CDB BMG - JAN/2027;21/01/2027;13.78;3;R$ 1.56;2936;1.56;18
CDB PINE - MAR/2027;03/03/2027;13.78;3;R$ 1.598.31;12;1598.31;18
CDB AGIBANK - DEZ/2026;14/12/2026;13.78;2;R$ 1.065.34;47;1065.34;18
CDB AGIBANK - ABR/2027;05/04/2027;13.78;3;R$ 1.141.26;2;1141.26;18
CDB FIBRA - MAR/2027;04/03/2027;13.78;8;R$ 1.491.62;34;1491.62;18
CDB FIBRA - MAR/2027;04/03/2027;13.78;8;R$ 1.500.16;2;1500.16;18
CDB BANCO PAN S/A - FEV/2...;10/02/2027;13.78;3;R$ 1.506.33;30;1506.33;18
CDB PINE - MAI/2027;31/05/2027;13.78;3;R$ 1.105.66;15;1105.66;18
CDB BANCO PAN S/A - MAR/2...;02/03/2027;13.78;3;R$ 1.532.36;92;1532.36;18
CDB AGIBANK - DEZ/2026;21/12/2026;13.78;3;R$ 1.149.79;30;1149.79;18
CDB BANCO PAN S/A - MAR/2...;03/03/2027;13.78;3;R$ 1.518.67;46;1518.67;18
CDB BANCO PAN S/A - FEV/2...;07/02/2027;13.78;3;R$ 1.500.11;2;1500.11;18
CDB FIBRA - JAN/2027;27/01/2027;13.78;8;R$ 1.498.99;23;1498.99;18
CDB BANCO C6 CONSIGNADO S...;06/05/2027;13.78;3;R$ 1.108.96;48;1108.96;18
CDB BANCO C6 CONSIGNADO S...;23/02/2027;13.78;3;R$ 1.305.76;78;1305.76;18
CDB PINE - FEV/2027;05/02/2027;13.78;3;R$ 1.636.47;16;1636.47;18
CDB BMG - ABR/2027;05/04/2027;13.78;3;R$ 1.24;10;1.24;18
CDB BANCO C6 S.A. - MAI/2...;17/05/2027;13.78;3;R$ 1.039.55;1;1039.55;18
CDB PINE - DEZ/2026;22/12/2026;13.78;3;R$ 1.350.85;2;1350.85;18
CDB PINE - ABR/2027;16/04/2027;13.78;3;R$ 1.467.38;60;1467.38;18
CDB BANCO PAN S/A - MAR/2...;12/03/2027;13.78;3;R$ 1.023.64;2;1023.64;18
CDB FIBRA - MAI/2027;03/05/2027;13.78;8;R$ 1.468.66;8;1468.66;18
CDB BMG - MAI/2027;28/05/2027;13.78;3;R$ 1.08;297;1.08;18
CDB BANCO PAN S/A - MAI/2...;24/05/2027;13.78;3;R$ 1.234.95;2;1234.95;18
CDB FIBRA - ABR/2027;15/04/2027;13.78;8;R$ 1.501.30;8;1501.3;18
CDB FIBRA - JUN/2027;10/06/2027;13.78;8;R$ 1.105.61;44;1105.61;18
CDB BMG - JAN/2027;28/01/2027;13.78;3;R$ 1.47;100;1.47;18
CDB BANCO C6 CONSIGNADO S...;17/05/2027;13.78;3;R$ 1.058.68;4;1058.68;18
CDB BANCO C6 CONSIGNADO S...;17/05/2027;13.78;3;R$ 1.069.12;5;1069.12;18
CDB BANCO PAN S/A - MAI/2...;17/05/2027;13.78;3;R$ 1.231.28;4;1231.28;18
CDB FIBRA - ABR/2027;16/04/2027;13.78;8;R$ 1.129.52;20;1129.52;18
CDB PINE - FEV/2027;12/02/2027;13.78;3;R$ 1.627.96;10;1627.96;18
CDB PINE - FEV/2027;11/02/2027;13.78;3;R$ 1.628.66;30;1628.66;18
CDB PINE - FEV/2027;14/02/2027;13.78;3;R$ 1.621.44;5;1621.44;18
CDB FIBRA - ABR/2027;12/04/2027;13.78;8;R$ 1.129.45;11;1129.45;18
CDB BANCO C6 CONSIGNADO S...;15/02/2027;13.78;3;R$ 1.305.63;61;1305.63;18
CDB BMG - MAI/2027;26/05/2027;13.78;3;R$ 1.64;10;1.64;18
CDB ORIGINAL - FEV/2027;16/02/2027;13.78;8;R$ 1.404.37;22;1404.37;18
CDB PINE - FEV/2027;18/02/2027;13.78;3;R$ 1.148.01;11;1148.01;18
CDB BMG - MAI/2027;24/05/2027;13.78;3;R$ 1.66;5320;1.66;18
CDB AGIBANK - MAR/2027;19/03/2027;13.78;3;R$ 1.139.07;2;1139.07;18
CDB BANCO PAN S/A - JAN/2...;12/01/2027;13.78;3;R$ 1.420.47;133;1420.47;18
CDB BMG - MAR/2027;19/03/2027;13.78;3;R$ 1.14;20000;1.14;18
CDB BANCO C6 CONSIGNADO S...;01/02/2027;13.78;3;R$ 1.332.90;6;1332.9;18
CDB BMG - FEV/2027;10/02/2027;13.78;3;R$ 1.15;3;1.15;18
CDB BMG - FEV/2027;01/02/2027;13.78;3;R$ 1.15;723;1.15;18
CDB FIBRA - ABR/2027;06/04/2027;13.78;8;R$ 1.519.75;3;1519.75;18
CDB FIBRA - ABR/2027;19/04/2027;13.78;8;R$ 1.499.86;15;1499.86;18
CDB FIBRA - ABR/2027;25/04/2027;13.78;8;R$ 1.476.48;10;1476.48;18
CDB BS2 - MAI/2027;12/05/2027;13.78;3;R$ 1.006.09;2;1006.09;18
CDB FIBRA - JUN/2027;07/06/2027;13.78;8;R$ 1.106.30;1;1106.3;18
CDB BANCO PAN S/A - FEV/2...;10/02/2027;13.78;3;R$ 1.498.93;45;1498.93;18
CDB BMG - MAI/2027;13/05/2027;13.78;3;R$ 1.77;37;1.77;18
CDB BMG - ABR/2027;01/04/2027;13.78;3;R$ 1.72;3076;1.72;18
CDB ORIGINAL - FEV/2027;14/02/2027;13.78;8;R$ 1.405.70;6;1405.7;18
CDB BANCO C6 CONSIGNADO S...;17/05/2027;13.78;3;R$ 1.066.28;8;1066.28;18
CDB PINE - FEV/2027;06/02/2027;13.78;3;R$ 1.635.86;1;1635.86;18
CDB PINE - FEV/2027;10/02/2027;13.78;3;R$ 1.640.26;2;1640.26;18
CDB BANCO PAN S/A - JAN/2...;26/01/2027;13.78;3;R$ 1.414.61;2;1414.61;18
CDB FIBRA - MAI/2027;13/05/2027;13.78;8;R$ 1.463.81;80;1463.81;18
CDB BMG - ABR/2027;26/04/2027;13.78;3;R$ 1.80;4743;1.8;18
CDB BMG - ABR/2027;26/04/2027;13.78;3;R$ 1.81;25;1.81;18
CDB BANCO PAN S/A - MAI/2...;12/05/2027;13.78;3;R$ 1.238.08;12;1238.08;18
CDB AGIBANK - MAR/2027;05/03/2027;13.78;3;R$ 1.150.48;90;1150.48;18
CDB BANCO PAN S/A - MAR/2...;30/03/2027;13.78;3;R$ 1.553.99;14;1553.99;18
CDB FIBRA - FEV/2027;24/02/2027;13.78;8;R$ 1.521.43;5;1521.43;18
CDB FIBRA - MAR/2027;31/03/2027;13.78;8;R$ 1.513.48;8;1513.48;18
CDB AGIBANK - FEV/2027;10/02/2027;13.78;3;R$ 1.050.72;8;1050.72;18
CDB FIBRA - ABR/2027;04/04/2027;13.78;8;R$ 1.521.02;6;1521.02;18
CDB FIBRA - ABR/2027;04/04/2027;13.78;8;R$ 1.512.39;1;1512.39;18
CDB BANCO PAN S/A - FEV/2...;21/02/2027;13.78;3;R$ 1.497.57;47;1497.57;18
CDB PINE - DEZ/2026;28/12/2026;13.78;3;R$ 1.341.74;5;1341.74;18
CDB BMG - ABR/2027;28/04/2027;13.78;3;R$ 1.69;14307;1.69;18
CDB BMG - MAI/2027;03/05/2027;13.78;3;R$ 1.68;49;1.68;18
CDB BANCO PAN S/A - FEV/2...;26/02/2027;13.78;3;R$ 1.495.22;2;1495.22;18
CDB BANCO CNH CAPITAL S/A...;16/06/2027;13.78;3;R$ 1.219.31;3;1219.31;15
CDB BMG - JUN/2027;14/06/2027;13.78;3;R$ 1.24;1;1.24;15
CDB BMG - ABR/2027;27/04/2027;13.78;3;R$ 1.75;4;1.75;18
CDB BMG - ABR/2027;15/04/2027;13.78;3;R$ 1.67;63;1.67;18
CDB PINE - JUN/2027;12/06/2027;13.78;3;R$ 1.621.67;1;1621.67;15
CDB BMG - JUN/2027;08/06/2027;13.78;3;R$ 1.61;2;1.61;18
CDB BANCO PAN S/A - ABR/2...;26/04/2027;13.78;3;R$ 1.253.46;43;1253.46;18
CDB BR PARTNERS BANCO DE ...;22/01/2027;13.78;3;R$ 1.055.62;1;1055.62;18
CDB FIBRA - JUN/2028;19/06/2028;13.73;9;R$ 1.000.00;19144;1000;15
CDB DAYCOVAL - DEZ/2027;07/12/2027;13.7;4;R$ 20.000.00;14978;20000;15
CDB AGIBANK - JUL/2027;20/07/2027;13.68;4;R$ 1.482.91;1;1482.91;15
CDB AGIBANK - JUL/2027;21/07/2027;13.67;4;R$ 1.478.38;6;1478.38;15
CDB BMG - JUL/2027;23/07/2027;13.67;4;R$ 1.52;1;1.52;15
CDB BMG - JUL/2027;26/07/2027;13.66;4;R$ 1.23;1;1.23;15
CDB AGIBANK - JUL/2027;26/07/2027;13.66;4;R$ 1.241.67;5;1241.67;15
CDB BMG - JUL/2027;26/07/2027;13.66;4;R$ 1.09;3;1.09;15
CDB AGIBANK - JUL/2027;25/07/2027;13.66;4;R$ 1.489.41;7;1489.41;15
CDB AGIBANK - JUL/2027;27/07/2027;13.65;4;R$ 1.489.07;3;1489.07;15
CDB AGIBANK - AGO/2027;02/08/2027;13.64;4;R$ 1.525.24;9;1525.24;15
CDB AGIBANK - AGO/2027;01/08/2027;13.64;4;R$ 1.551.21;3;1551.21;15
CDB BMG - AGO/2027;02/08/2027;13.64;4;R$ 1.14;1;1.14;15
CDB BMG - AGO/2027;02/08/2027;13.64;4;R$ 1.14;3;1.14;15
CDB FIBRA - JUN/2029;19/06/2029;13.63;11;R$ 1.000.00;19286;1000;15
CDB AGIBANK - AGO/2027;05/08/2027;13.63;4;R$ 1.567.03;71;1567.03;15
CDB AGIBANK - AGO/2027;03/08/2027;13.63;4;R$ 1.524.90;4;1524.9;15
CDB AGIBANK - AGO/2027;03/08/2027;13.63;4;R$ 1.550.85;6;1550.85;15
CDB AGIBANK - AGO/2027;04/08/2027;13.63;4;R$ 1.519.96;14;1519.96;15
CDB AGIBANK - AGO/2027;05/08/2027;13.63;4;R$ 1.532.21;7;1532.21;15
CDB BMG - AGO/2027;03/08/2027;13.63;4;R$ 1.14;9;1.14;15
CDB AGIBANK - AGO/2027;06/08/2027;13.62;4;R$ 1.544.93;1;1544.93;15
CDB AGIBANK - AGO/2027;08/08/2027;13.62;4;R$ 1.574.82;1;1574.82;15
CDB AGIBANK - AGO/2027;08/08/2027;13.62;4;R$ 1.539.85;28;1539.85;15
CDB AGIBANK - AGO/2027;10/08/2027;13.61;4;R$ 1.548.18;15;1548.18;15
CDB AGIBANK - AGO/2027;12/08/2027;13.6;4;R$ 1.547.18;5;1547.18;15
CDB AGIBANK - AGO/2027;13/08/2027;13.6;4;R$ 1.555.28;9;1555.28;15
CDB BMG - AGO/2027;13/08/2027;13.6;4;R$ 1.08;1;1.08;15
CDB PINE - AGO/2027;13/08/2027;13.6;4;R$ 1.529.03;6;1529.03;15
CDB AGIBANK - AGO/2027;15/08/2027;13.59;4;R$ 1.552.80;18;1552.8;15
CDB PINE - AGO/2027;16/08/2027;13.59;4;R$ 1.074.78;4;1074.78;15
CDB PINE - AGO/2027;16/08/2027;13.59;4;R$ 1.340.18;6;1340.18;15
CDB BMG - AGO/2027;17/08/2027;13.59;4;R$ 1.56;1;1.56;15
CDB PINE - AGO/2027;17/08/2027;13.59;4;R$ 1.536.74;11;1536.74;15
CDB FIBRA - DEZ/2028;01/12/2028;13.58;10;R$ 1.000.00;19697;1000;15
CDB AGIBANK - AGO/2027;19/08/2027;13.58;4;R$ 1.573.02;3;1573.02;15
CDB AGIBANK - AGO/2027;20/08/2027;13.58;4;R$ 1.585.79;4;1585.79;15
CDB PINE - AGO/2027;19/08/2027;13.58;4;R$ 1.530.62;1;1530.62;15
CDB AGIBANK - AGO/2027;20/08/2027;13.58;4;R$ 1.572.55;2;1572.55;15
CDB AGIBANK - AGO/2027;18/08/2027;13.58;4;R$ 1.556.15;135;1556.15;15
CDB BMG - AGO/2027;18/08/2027;13.58;4;R$ 1.43;16177;1.43;15
CDB AGIBANK - AGO/2027;22/08/2027;13.57;4;R$ 1.563.42;1;1563.42;15
CDB PINE - AGO/2027;24/08/2027;13.57;4;R$ 1.544.59;13;1544.59;15
CDB AGIBANK - AGO/2027;24/08/2027;13.57;4;R$ 1.567.13;3;1567.13;15
CDB AGIBANK - AGO/2027;24/08/2027;13.57;4;R$ 1.593.63;10;1593.63;15
CDB FIBRA - AGO/2027;26/08/2027;13.56;9;R$ 1.123.62;97;1123.62;15
CDB AGIBANK - AGO/2027;26/08/2027;13.56;4;R$ 1.557.43;8;1557.43;15
CDB AGIBANK - AGO/2027;26/08/2027;13.56;4;R$ 1.544.39;1;1544.39;15
CDB FIBRA - AGO/2027;26/08/2027;13.56;9;R$ 1.475.58;1;1475.58;15
CDB AGIBANK - AGO/2027;25/08/2027;13.56;4;R$ 1.553.70;11;1553.7;15
CDB PINE - AGO/2027;27/08/2027;13.56;4;R$ 1.558.56;28;1558.56;15
CDB BMG - AGO/2027;27/08/2027;13.56;4;R$ 1.54;36;1.54;15
CDB AGIBANK - AGO/2027;27/08/2027;13.56;4;R$ 1.543.75;52;1543.75;15
CDB PINE - AGO/2027;26/08/2027;13.56;4;R$ 1.074.77;5;1074.77;15
CDB PINE - AGO/2027;27/08/2027;13.56;4;R$ 1.074.62;1;1074.62;15
CDB FIBRA - AGO/2027;30/08/2027;13.55;9;R$ 1.466.20;4;1466.2;15
CDB PINE - SET/2027;01/09/2027;13.54;4;R$ 1.350.52;6;1350.52;15
CDB PINE - AGO/2027;31/08/2027;13.54;4;R$ 1.547.53;3;1547.53;15
CDB FIBRA - JUN/2030;19/06/2030;13.53;13;R$ 1.000.00;19564;1000;15
CDB BMG - SET/2027;03/09/2027;13.53;4;R$ 1.53;33;1.53;15
CDB BMG - SET/2027;10/09/2027;13.51;4;R$ 1.54;50832;1.54;15
CDB PINE - SET/2027;13/09/2027;13.51;4;R$ 1.072.97;20;1072.97;15
CDB PINE - SET/2027;12/09/2027;13.51;4;R$ 1.458.27;3;1458.27;15
CDB PINE - SET/2027;16/09/2027;13.5;4;R$ 1.076.39;2;1076.39;15
CDB DAYCOVAL - JUN/2028;19/06/2028;13.48;4;R$ 20.000.00;14193;20000;15
CDB PINE - SET/2027;20/09/2027;13.48;4;R$ 1.074.88;10;1074.88;15
CDB PINE - SET/2027;23/09/2027;13.48;4;R$ 1.084.97;5;1084.97;15
CDB PINE - SET/2027;20/09/2027;13.48;4;R$ 1.074.62;15;1074.62;15
CDB BANCO RODOBENS S/A - ...;21/09/2027;13.48;4;R$ 1.349.76;17;1349.76;15
CDB FIBRA - JUN/2031;19/06/2031;13.48;14;R$ 1.000.00;19882;1000;15
CDB FIBRA - SET/2027;21/09/2027;13.48;9;R$ 1.122.60;10;1122.6;15
CDB FIBRA - JUN/2032;18/06/2032;13.48;16;R$ 1.000.00;19960;1000;15
CDB PINE - SET/2027;24/09/2027;13.47;4;R$ 1.085.04;3;1085.04;15
CDB PINE - SET/2027;27/09/2027;13.46;4;R$ 1.077.66;7;1077.66;15
CDB PINE - SET/2027;27/09/2027;13.46;4;R$ 1.088.53;5;1088.53;15
CDB PINE - SET/2027;28/09/2027;13.46;4;R$ 1.462.76;18;1462.76;15
CDB BMG - SET/2027;29/09/2027;13.46;4;R$ 1.11;14;1.11;15
CDB PINE - SET/2027;29/09/2027;13.46;4;R$ 1.600.13;23;1600.13;15
CDB BMG - SET/2027;30/09/2027;13.46;4;R$ 1.57;19650;1.57;15
CDB PINE - OUT/2027;01/10/2027;13.45;4;R$ 1.090.77;10;1090.77;15
CDB PINE - OUT/2027;04/10/2027;13.45;4;R$ 1.080.42;8;1080.42;15
CDB PINE - OUT/2027;01/10/2027;13.45;4;R$ 1.081.69;2;1081.69;15
CDB PINE - OUT/2027;01/10/2027;13.45;4;R$ 1.588.67;1;1588.67;15
CDB FIBRA - OUT/2027;06/10/2027;13.44;9;R$ 1.329.23;1;1329.23;15
CDB AGIBANK - OUT/2027;18/10/2027;13.43;4;R$ 1.231.04;1;1231.04;15
CDB AGIBANK - NOV/2027;09/11/2027;13.43;4;R$ 1.223.02;7;1223.02;15
CDB PINE - OUT/2027;11/10/2027;13.43;4;R$ 1.081.62;4;1081.62;15
CDB FIBRA - OUT/2027;11/10/2027;13.43;9;R$ 1.073.54;30;1073.54;15
CDB FIBRA - OUT/2027;11/10/2027;13.43;9;R$ 1.074.77;8;1074.77;15
CDB PINE - OUT/2027;08/10/2027;13.43;4;R$ 1.079.86;58;1079.86;15
CDB FIBRA - OUT/2027;18/10/2027;13.41;9;R$ 1.082.22;40;1082.22;15
CDB AGIBANK - OUT/2027;18/10/2027;13.41;4;R$ 1.227.02;1;1227.02;15
CDB AGIBANK - OUT/2027;18/10/2027;13.41;4;R$ 1.222.49;1;1222.49;15
CDB AGIBANK - OUT/2027;18/10/2027;13.41;4;R$ 1.227.53;46;1227.53;15
CDB PINE - OUT/2027;18/10/2027;13.41;4;R$ 1.188.88;1;1188.88;15
CDB AGIBANK - OUT/2027;20/10/2027;13.4;4;R$ 1.228.18;54;1228.18;15
CDB FIBRA - OUT/2027;21/10/2027;13.4;9;R$ 1.110.79;81;1110.79;15
CDB BANCO PAN S/A - OUT/2...;25/10/2027;13.39;4;R$ 1.070.75;19;1070.75;15
CDB FIBRA - OUT/2027;25/10/2027;13.39;9;R$ 1.450.49;9;1450.49;15
CDB BMG - OUT/2027;25/10/2027;13.39;4;R$ 1.58;5;1.58;15
CDB BMG - OUT/2027;26/10/2027;13.39;4;R$ 1.58;3;1.58;15
CDB BMG - OUT/2027;29/10/2027;13.38;4;R$ 1.13;16127;1.13;15
CDB BANCO RODOBENS S/A - ...;27/10/2027;13.38;4;R$ 1.494.97;20;1494.97;15
CDB FIBRA - JUN/2033;18/06/2033;13.38;17;R$ 1.000.00;19980;1000;15
CDB PINE - OUT/2027;30/10/2027;13.38;4;R$ 1.587.70;3;1587.7;15
CDB HAITONG - JUN/2028;19/06/2028;13.38;4;R$ 1.000.00;9144;1000;15
CDB BMG - OUT/2027;28/10/2027;13.38;4;R$ 1.13;453;1.13;15
CDB AGIBANK - NOV/2027;01/11/2027;13.37;4;R$ 1.219.23;41;1219.23;15
CDB PINE - NOV/2027;05/11/2027;13.36;4;R$ 1.074.95;12;1074.95;15
CDB BMG - NOV/2027;03/11/2027;13.36;4;R$ 1.13;9833;1.13;15
CDB PINE - NOV/2027;03/11/2027;13.36;4;R$ 1.325.91;16;1325.91;15
CDB PINE - NOV/2027;04/11/2027;13.36;4;R$ 1.080.48;3;1080.48;15
CDB BMG - NOV/2027;04/11/2027;13.36;4;R$ 1.13;3716;1.13;15
CDB BMG - NOV/2027;03/11/2027;13.36;4;R$ 1.13;29;1.13;15
CDB AGIBANK - NOV/2027;09/11/2027;13.35;4;R$ 1.216.16;1;1216.16;15
CDB AGIBANK - NOV/2027;08/11/2027;13.35;4;R$ 1.215.33;3;1215.33;15
CDB AGIBANK - NOV/2027;08/11/2027;13.35;4;R$ 1.221.59;31;1221.59;15
CDB BMG - NOV/2027;08/11/2027;13.35;4;R$ 1.35;200000;1.35;15
CDB FIBRA - NOV/2027;09/11/2027;13.35;9;R$ 1.106.08;1;1106.08;15
CDB FIBRA - NOV/2027;08/11/2027;13.35;9;R$ 1.326.94;1;1326.94;15
CDB PINE - NOV/2027;08/11/2027;13.35;4;R$ 1.074.48;3;1074.48;15
CDB FIBRA - NOV/2027;10/11/2027;13.35;9;R$ 1.116.39;10;1116.39;15
CDB FIBRA - NOV/2027;16/11/2027;13.33;9;R$ 1.104.98;40;1104.98;15
CDB FIBRA - NOV/2027;16/11/2027;13.33;9;R$ 1.108.10;50;1108.1;15
CDB FIBRA - NOV/2027;17/11/2027;13.33;9;R$ 1.360.37;6;1360.37;15
CDB BMG - NOV/2027;16/11/2027;13.33;4;R$ 1.58;8921;1.58;15
CDB BMG - NOV/2027;16/11/2027;13.33;4;R$ 1.57;46;1.57;15
CDB BANCO C6 CONSIGNADO S...;16/11/2027;13.33;4;R$ 1.175.26;1;1175.26;15
CDB BMG - NOV/2027;29/11/2027;13.33;4;R$ 1.08;3;1.08;15
CDB BMG - NOV/2027;17/11/2027;13.33;4;R$ 1.58;3637;1.58;15
CDB BMG - NOV/2027;15/11/2027;13.33;4;R$ 1.59;60238;1.59;15
CDB BMG - NOV/2027;18/11/2027;13.33;4;R$ 1.59;78303;1.59;15
CDB FIBRA - NOV/2027;17/11/2027;13.33;9;R$ 1.344.70;6;1344.7;15
CDB AGIBANK - NOV/2027;16/11/2027;13.33;4;R$ 1.218.01;1;1218.01;15
CDB FIBRA - NOV/2027;16/11/2027;13.33;9;R$ 1.070.82;1;1070.82;15
CDB BANCO C6 S.A. - JUN/2...;19/06/2028;13.33;4;R$ 1.000.00;29673;1000;15
CDB FIBRA - NOV/2027;22/11/2027;13.32;9;R$ 1.347.56;10;1347.56;15
CDB BANCO PAN S/A - NOV/2...;22/11/2027;13.32;4;R$ 1.057.52;4;1057.52;15
CDB BANCO C6 CONSIGNADO S...;22/11/2027;13.32;4;R$ 1.163.99;5;1163.99;15
CDB FIBRA - NOV/2027;19/11/2027;13.32;9;R$ 1.114.25;9;1114.25;15
CDB BMG - NOV/2027;19/11/2027;13.32;4;R$ 1.08;8;1.08;15
CDB FIBRA - NOV/2027;22/11/2027;13.32;9;R$ 1.120.82;23;1120.82;15
CDB BMG - NOV/2027;19/11/2027;13.32;4;R$ 1.59;2449;1.59;15
CDB FIBRA - NOV/2027;19/11/2027;13.32;9;R$ 1.107.10;12;1107.1;15
CDB AGIBANK - NOV/2027;22/11/2027;13.32;4;R$ 1.191.68;1;1191.68;15
CDB AGIBANK - NOV/2027;22/11/2027;13.32;4;R$ 1.198.36;3;1198.36;15
CDB BMG - NOV/2027;23/11/2027;13.31;4;R$ 1.64;10;1.64;15
CDB BMG - NOV/2027;26/11/2027;13.31;4;R$ 1.58;2344;1.58;15
CDB BMG - NOV/2027;25/11/2027;13.31;4;R$ 1.09;10949;1.09;15
CDB BMG - NOV/2027;25/11/2027;13.31;4;R$ 1.59;1088;1.59;15
CDB BMG - NOV/2027;24/11/2027;13.31;4;R$ 1.60;1900;1.6;15
CDB AGIBANK - NOV/2027;23/11/2027;13.31;4;R$ 1.179.65;12;1179.65;15
CDB AGIBANK - NOV/2027;24/11/2027;13.31;4;R$ 1.176.96;18;1176.96;15
CDB SOCINAL SA CRED FINAN...;30/11/2027;13.3;8;R$ 1.338.94;4;1338.94;15
CDB BMG - NOV/2027;29/11/2027;13.3;4;R$ 1.09;21780;1.09;15
CDB FIBRA - NOV/2027;29/11/2027;13.3;9;R$ 1.176.02;5;1176.02;15
CDB BMG - NOV/2027;29/11/2027;13.3;4;R$ 1.57;5;1.57;15
CDB BMG - NOV/2027;29/11/2027;13.3;4;R$ 1.58;2996;1.58;15
CDB BMG - NOV/2027;30/11/2027;13.3;4;R$ 1.58;15;1.58;15
CDB BMG - NOV/2027;30/11/2027;13.3;4;R$ 1.57;2918;1.57;15
CDB AGIBANK - NOV/2027;29/11/2027;13.3;4;R$ 1.171.70;22;1171.7;15
CDB FIBRA - NOV/2027;29/11/2027;13.3;9;R$ 1.364.29;32;1364.29;15
CDB BANCO C6 CONSIGNADO S...;29/11/2027;13.3;4;R$ 1.158.63;8;1158.63;15
CDB FIBRA - NOV/2027;29/11/2027;13.3;9;R$ 1.357.35;15;1357.35;15
CDB BMG - DEZ/2027;02/12/2027;13.29;4;R$ 1.08;11;1.08;15
CDB BMG - DEZ/2027;01/12/2027;13.29;4;R$ 1.56;2602;1.56;15
CDB BMG - DEZ/2027;02/12/2027;13.29;4;R$ 1.55;10003;1.55;15
CDB PINE - JAN/2028;14/01/2028;13.28;4;R$ 1.508.24;84;1508.24;15
CDB BMG - JAN/2028;14/01/2028;13.28;4;R$ 1.50;149874;1.5;15
CDB AGIBANK - DEZ/2027;06/12/2027;13.28;4;R$ 1.180.70;10;1180.7;15
CDB PINE - JAN/2028;14/01/2028;13.28;4;R$ 1.498.21;5;1498.21;15
CDB BMG - JAN/2028;31/01/2028;13.28;4;R$ 1.16;4;1.16;15
CDB PINE - DEZ/2027;30/12/2027;13.28;4;R$ 1.450.48;1;1450.48;15
CDB BANCO XP S.A. - OUT/2...;18/10/2025;13.28;1;R$ 1.497.64;114;1497.64;23
CDB AGIBANK - DEZ/2027;13/12/2027;13.28;4;R$ 1.180.89;3;1180.89;15
CDB BMG - JAN/2028;19/01/2028;13.28;4;R$ 1.47;45;1.47;15
CDB PINE - JAN/2028;13/01/2028;13.28;4;R$ 1.503.81;9;1503.81;15
CDB AGIBANK - MAR/2028;01/03/2028;13.28;4;R$ 1.153.80;8;1153.8;15
CDB FIBRA - MAR/2028;01/03/2028;13.28;9;R$ 1.128.07;250;1128.07;15
CDB PINE - JAN/2028;19/01/2028;13.28;4;R$ 1.485.16;12;1485.16;15
CDB PINE - MAR/2028;25/03/2028;13.28;4;R$ 1.497.89;4;1497.89;15
CDB BMG - JAN/2028;28/01/2028;13.28;4;R$ 1.15;8;1.15;15
CDB PINE - FEV/2028;03/02/2028;13.28;4;R$ 1.042.40;18;1042.4;15
CDB PINE - DEZ/2027;28/12/2027;13.28;4;R$ 1.466.07;8;1466.07;15
CDB PINE - DEZ/2027;15/12/2027;13.28;4;R$ 1.476.17;1;1476.17;15
CDB FIBRA - ABR/2028;10/04/2028;13.28;9;R$ 1.357.57;8;1357.57;15
CDB PINE - JAN/2028;10/01/2028;13.28;4;R$ 1.326.42;150;1326.42;15
CDB FIBRA - DEZ/2027;07/12/2027;13.28;9;R$ 1.106.19;3;1106.19;15
CDB PINE - MAR/2028;01/03/2028;13.28;4;R$ 1.140.95;66;1140.95;15
CDB AGIBANK - MAR/2028;06/03/2028;13.28;4;R$ 1.152.77;7;1152.77;15
CDB BANCO BV S/A - MAR/20...;15/03/2028;13.28;4;R$ 102.85;10;102.85;15
CDB AGIBANK - JAN/2028;05/01/2028;13.28;4;R$ 1.159.37;6;1159.37;15
CDB AGIBANK - DEZ/2027;27/12/2027;13.28;4;R$ 1.151.49;7;1151.49;15
CDB BMG - FEV/2028;08/02/2028;13.28;4;R$ 1.22;3;1.22;15
CDB FIBRA - JAN/2028;27/01/2028;13.28;9;R$ 1.397.54;2;1397.54;15
CDB PINE - JAN/2028;20/01/2028;13.28;4;R$ 1.494.67;5;1494.67;15
CDB BMG - DEZ/2027;29/12/2027;13.28;4;R$ 1.42;32;1.42;15
CDB FIBRA - ABR/2028;29/04/2028;13.28;9;R$ 1.432.79;1;1432.79;15
CDB BMG - JAN/2028;25/01/2028;13.28;4;R$ 1.50;1238;1.5;15
CDB PINE - DEZ/2027;30/12/2027;13.28;4;R$ 1.479.90;8;1479.9;15
CDB BMG - JAN/2028;26/01/2028;13.28;4;R$ 1.53;831;1.53;15
CDB AGIBANK - JAN/2028;03/01/2028;13.28;4;R$ 1.158.16;1;1158.16;15
CDB AGIBANK - JAN/2028;04/01/2028;13.28;4;R$ 1.149.04;1;1149.04;15
CDB BMG - JAN/2028;24/01/2028;13.28;4;R$ 1.16;10;1.16;15
CDB PINE - MAR/2028;25/03/2028;13.28;4;R$ 1.518.35;2;1518.35;15
CDB BANCO C6 CONSIGNADO S...;17/04/2028;13.28;4;R$ 1.104.24;42;1104.24;15
CDB PINE - MAR/2028;25/03/2028;13.28;4;R$ 1.507.86;6;1507.86;15
CDB FIBRA - JAN/2028;31/01/2028;13.28;9;R$ 1.392.39;29;1392.39;15
CDB FIBRA - MAI/2028;04/05/2028;13.28;9;R$ 1.425.59;1;1425.59;15
CDB PINE - ABR/2028;11/04/2028;13.28;4;R$ 1.126.79;3;1126.79;15
CDB BMG - ABR/2028;18/04/2028;13.28;4;R$ 1.13;49650;1.13;15
CDB BMG - FEV/2028;01/02/2028;13.28;4;R$ 1.44;1153;1.44;15
CDB PINE - MAR/2028;08/03/2028;13.28;4;R$ 1.450.86;11;1450.86;15
CDB BMG - JAN/2028;18/01/2028;13.28;4;R$ 1.16;74;1.16;15
CDB PINE - MAR/2028;09/03/2028;13.28;4;R$ 1.455.23;2;1455.23;15
CDB FIBRA - MAI/2028;03/05/2028;13.28;9;R$ 1.430.81;56;1430.81;15
CDB BMG - JAN/2028;10/01/2028;13.28;4;R$ 1.50;2571;1.5;15
CDB PINE - DEZ/2027;10/12/2027;13.28;4;R$ 1.532.77;7;1532.77;15
CDB BMG - DEZ/2027;22/12/2027;13.28;4;R$ 1.09;1011;1.09;15
CDB BMG - JAN/2028;17/01/2028;13.28;4;R$ 1.15;42;1.15;15
CDB BMG - FEV/2028;02/02/2028;13.28;4;R$ 1.44;369;1.44;15
CDB BMG - DEZ/2027;08/12/2027;13.28;4;R$ 1.51;999;1.51;15
CDB BMG - DEZ/2027;10/12/2027;13.28;4;R$ 1.51;3;1.51;15
CDB PINE - MAR/2028;11/03/2028;13.28;4;R$ 1.429.93;4;1429.93;15
CDB BMG - JAN/2028;07/01/2028;13.28;4;R$ 1.49;2151;1.49;15
CDB BMG - JAN/2028;06/01/2028;13.28;4;R$ 1.47;999;1.47;15
CDB FIBRA - MAI/2028;02/05/2028;13.28;9;R$ 1.123.49;23;1123.49;15
CDB BMG - JAN/2028;04/01/2028;13.28;4;R$ 1.46;50000;1.46;15
CDB BTG PACTUAL - AGO/202...;26/08/2025;13.28;1;R$ 1.097.38;12;1097.38;23
CDB PINE - MAR/2028;13/03/2028;13.28;4;R$ 1.399.07;1;1399.07;15
CDB BMG - JAN/2028;05/01/2028;13.28;4;R$ 1.46;870;1.46;15
CDB BMG - DEZ/2027;13/12/2027;13.28;4;R$ 1.52;4344;1.52;15
CDB PINE - JAN/2028;08/01/2028;13.28;4;R$ 1.471.09;2;1471.09;15
CDB PINE - DEZ/2027;17/12/2027;13.28;4;R$ 1.504.96;10;1504.96;15
CDB BMG - DEZ/2027;16/12/2027;13.28;4;R$ 1.46;9;1.46;15
CDB BANCO RODOBENS S/A - ...;20/03/2028;13.28;4;R$ 1.225.87;1;1225.87;15
CDB PINE - DEZ/2027;16/12/2027;13.28;4;R$ 1.475.72;46;1475.72;15
CDB BMG - DEZ/2027;14/12/2027;13.28;4;R$ 1.50;27916;1.5;15
CDB BMG - NOV/2027;21/11/2027;13.28;4;R$ 1.35;157;1.35;15
CDB BMG - FEV/2028;17/02/2028;13.28;4;R$ 1.45;1712;1.45;15
CDB BMG - DEZ/2027;09/12/2027;13.28;4;R$ 1.55;13;1.55;15
CDB BMG - FEV/2028;24/02/2028;13.28;4;R$ 1.49;1833;1.49;15
CDB PINE - JAN/2028;05/01/2028;13.28;4;R$ 1.346.62;7;1346.62;15
CDB PINE - MAR/2028;03/03/2028;13.28;4;R$ 1.502.00;19;1502;15
CDB BMG - JAN/2028;27/01/2028;13.28;4;R$ 1.49;19854;1.49;15
CDB FIBRA - JAN/2028;11/01/2028;13.28;9;R$ 1.414.75;1;1414.75;15
CDB AGIBANK - FEV/2028;21/02/2028;13.28;4;R$ 1.15;569;1.15;15
CDB PINE - JAN/2028;26/01/2028;13.28;4;R$ 1.502.22;1;1502.22;15
CDB BMG - ABR/2028;04/04/2028;13.28;4;R$ 1.13;16;1.13;15
CDB PINE - MAR/2028;01/03/2028;13.28;4;R$ 1.518.23;7;1518.23;15
CDB BMG - MAR/2028;21/03/2028;13.28;4;R$ 1.13;4254;1.13;15
CDB BMG - DEZ/2027;14/12/2027;13.28;4;R$ 1.10;1;1.1;15
CDB PINE - FEV/2028;09/02/2028;13.28;4;R$ 1.437.47;5;1437.47;15
CDB FIBRA - FEV/2028;15/02/2028;13.28;9;R$ 1.280.32;3;1280.32;15
CDB BMG - DEZ/2027;13/12/2027;13.28;4;R$ 1.11;795;1.11;15
CDB BMG - MAR/2028;17/03/2028;13.28;4;R$ 1.14;1;1.14;15
CDB BMG - MAR/2028;20/03/2028;13.28;4;R$ 1.13;188;1.13;15
CDB BMG - MAI/2028;15/05/2028;13.28;4;R$ 1.43;1;1.43;15
CDB BMG - DEZ/2027;16/12/2027;13.28;4;R$ 1.11;3065;1.11;15
CDB FIBRA - MAI/2028;11/05/2028;13.28;9;R$ 1.436.75;1;1436.75;15
CDB PINE - MAR/2028;10/03/2028;13.28;4;R$ 1.454.63;1;1454.63;15
CDB FIBRA - MAI/2028;13/05/2028;13.28;9;R$ 1.447.36;2;1447.36;15
CDB AGIBANK - DEZ/2027;20/12/2027;13.28;4;R$ 1.164.81;8;1164.81;15
CDB AGIBANK - DEZ/2027;07/12/2027;13.28;4;R$ 1.171.07;1;1171.07;15
CDB FIBRA - ABR/2028;25/04/2028;13.28;9;R$ 1.211.48;5;1211.48;15
CDB BMG - FEV/2028;23/02/2028;13.28;4;R$ 1.50;2500;1.5;15
CDB BMG - FEV/2028;07/02/2028;13.28;4;R$ 1.14;10000;1.14;15
CDB BMG - FEV/2028;25/02/2028;13.28;4;R$ 1.49;49995;1.49;15
CDB FIBRA - MAI/2028;02/05/2028;13.28;9;R$ 1.129.78;33;1129.78;15
CDB PINE - MAR/2028;02/03/2028;13.28;4;R$ 1.487.69;9;1487.69;15
CDB PINE - ABR/2028;24/04/2028;13.28;4;R$ 1.135.19;3;1135.19;15
CDB BMG - MAI/2028;15/05/2028;13.28;4;R$ 1.14;1;1.14;15
CDB BMG - JUL/2028;03/07/2028;13.23;5;R$ 1.11;3;1.11;15
CDB BMG - NOV/2028;28/11/2028;13.23;5;R$ 1.08;4;1.08;15
CDB AGIBANK - JUN/2028;19/06/2028;13.23;4;R$ 1.000.00;19709;1000;15
CDB FIBRA - JUL/2028;03/07/2028;13.23;10;R$ 1.122.61;4;1122.61;15
CDB BMG - JUL/2028;03/07/2028;13.23;5;R$ 1.41;2;1.41;15
CDB FIBRA - JUL/2028;03/07/2028;13.23;10;R$ 1.463.85;12;1463.85;15
CDB BMG - JUL/2028;06/07/2028;13.22;5;R$ 1.41;5;1.41;15
CDB FIBRA - JUL/2028;10/07/2028;13.21;10;R$ 1.456.88;2;1456.88;15
CDB FIBRA - JUL/2028;10/07/2028;13.21;10;R$ 1.111.00;1;1111;15
CDB FIBRA - JUL/2028;12/07/2028;13.2;10;R$ 1.343.48;5;1343.48;15
CDB FIBRA - JUL/2028;17/07/2028;13.19;10;R$ 1.085.38;42;1085.38;15
CDB FIBRA - JUN/2029;12/06/2029;13.18;11;R$ 1.135.70;10;1135.7;15
CDB BMG - JUL/2028;19/07/2028;13.18;5;R$ 1.39;19;1.39;15
CDB BMG - JUL/2028;20/07/2028;13.18;5;R$ 1.39;7;1.39;15
CDB BMG - JUL/2028;26/07/2028;13.16;5;R$ 1.41;16;1.41;15
CDB PINE - JUL/2028;24/07/2028;13.16;5;R$ 1.102.97;4;1102.97;15
CDB FIBRA - JUL/2028;24/07/2028;13.16;10;R$ 1.092.35;4;1092.35;15
CDB PINE - JUL/2028;24/07/2028;13.16;5;R$ 1.109.49;11;1109.49;15
CDB BMG - JUL/2028;24/07/2028;13.16;5;R$ 1.40;11606;1.4;15
CDB BMG - NOV/2028;27/11/2028;13.15;5;R$ 1.08;40;1.08;15
CDB DAYCOVAL - JUN/2029;19/06/2029;13.15;6;R$ 20.000.00;14950;20000;15
CDB BMG - JUL/2028;28/07/2028;13.15;5;R$ 1.41;53;1.41;15
CDB FIBRA - JUL/2028;31/07/2028;13.14;10;R$ 1.103.40;143;1103.4;15
CDB FIBRA - JUL/2028;31/07/2028;13.14;10;R$ 1.100.55;24;1100.55;15
CDB FIBRA - NOV/2028;10/11/2028;13.13;10;R$ 1.085.20;17;1085.2;15
CDB BMG - AGO/2028;02/08/2028;13.13;5;R$ 1.43;10744;1.43;15
CDB BMG - AGO/2028;03/08/2028;13.13;5;R$ 1.41;21;1.41;15
CDB SOCINAL SA CRED FINAN...;07/08/2028;13.12;11;R$ 1.165.23;1;1165.23;15
CDB FIBRA - AGO/2028;07/08/2028;13.12;10;R$ 1.089.18;10;1089.18;15
CDB SOCINAL SA CRED FINAN...;08/08/2028;13.12;11;R$ 1.288.00;1;1288;15
CDB PINE - AGO/2028;11/08/2028;13.11;5;R$ 1.056.02;15;1056.02;15
CDB FIBRA - AGO/2028;14/08/2028;13.1;10;R$ 1.147.92;17;1147.92;15
CDB BMG - AGO/2028;14/08/2028;13.1;5;R$ 1.43;25;1.43;15
CDB BANCO C6 CONSIGNADO S...;15/08/2028;13.09;5;R$ 1.068.42;1;1068.42;15
CDB FIBRA - AGO/2028;18/08/2028;13.08;10;R$ 1.073.58;1;1073.58;15
CDB FIBRA - OUT/2028;16/10/2028;13.08;10;R$ 1.092.35;46;1092.35;15
CDB FIBRA - AGO/2028;21/08/2028;13.07;10;R$ 1.091.19;3;1091.19;15
CDB FIBRA - AGO/2028;28/08/2028;13.05;10;R$ 1.448.17;8;1448.17;15
CDB FIBRA - AGO/2028;30/08/2028;13.05;10;R$ 1.447.13;14;1447.13;15
CDB PINE - AGO/2028;30/08/2028;13.05;5;R$ 1.463.06;18;1463.06;15
CDB BMG - AGO/2028;30/08/2028;13.05;5;R$ 1.38;20;1.38;15
CDB FIBRA - AGO/2028;29/08/2028;13.05;10;R$ 1.091.06;9;1091.06;15
CDB BANCO C6 CONSIGNADO S...;28/08/2028;13.05;5;R$ 1.079.29;2;1079.29;15
CDB PINE - SET/2028;01/09/2028;13.04;5;R$ 1.462.49;3;1462.49;15
CDB PINE - SET/2028;02/09/2028;13.04;5;R$ 1.466.80;24;1466.8;15
CDB BMG - SET/2028;01/09/2028;13.04;5;R$ 1.39;1018;1.39;15
CDB FIBRA - SET/2028;01/09/2028;13.04;10;R$ 1.441.79;20;1441.79;15
CDB FIBRA - JUL/2031;02/07/2031;13.03;15;R$ 1.125.18;1;1125.18;15
CDB FIBRA - SET/2028;05/09/2028;13.03;10;R$ 1.087.58;4;1087.58;15
CDB FIBRA - SET/2028;08/09/2028;13.02;10;R$ 1.071.19;30;1071.19;15
CDB PINE - SET/2028;06/09/2028;13.02;5;R$ 1.475.92;2;1475.92;15
CDB FIBRA - SET/2028;06/09/2028;13.02;10;R$ 1.455.48;200;1455.48;15
CDB PINE - SET/2028;08/09/2028;13.02;5;R$ 1.322.00;10;1322;15
CDB PINE - SET/2028;15/09/2028;13.0;5;R$ 1.421.40;2;1421.4;15
CDB PINE - SET/2028;13/09/2028;13.0;5;R$ 1.474.21;18;1474.21;15
CDB PINE - SET/2028;14/09/2028;13.0;5;R$ 1.473.64;1;1473.64;15
CDB BMG - SET/2028;19/09/2028;12.99;5;R$ 1.35;60;1.35;15
CDB BANCO C6 CONSIGNADO S...;15/05/2029;12.98;6;R$ 1.080.69;1;1080.69;15
CDB BANCO C6 CONSIGNADO S...;15/05/2029;12.98;6;R$ 1.078.53;6;1078.53;15
CDB BS2 - MAR/2030;06/03/2030;12.98;8;R$ 1.044.00;3;1044;15
CDB BANCO C6 CONSIGNADO S...;15/05/2029;12.98;6;R$ 1.079.57;16;1079.57;15
CDB BMG - MAI/2029;23/05/2029;12.98;6;R$ 1.14;3;1.14;15
CDB BMG - MAI/2029;22/05/2029;12.98;6;R$ 1.14;4;1.14;15
CDB BANCO C6 CONSIGNADO S...;15/05/2029;12.98;6;R$ 1.079.05;14;1079.05;15
CDB BANCO C6 S.A. - JUN/2...;19/06/2029;12.98;6;R$ 1.000.00;29591;1000;15
CDB BMG - SET/2028;25/09/2028;12.97;5;R$ 1.36;16;1.36;15
CDB FIBRA - SET/2028;27/09/2028;12.96;10;R$ 1.189.56;7;1189.56;15
CDB PINE - ABR/2029;18/04/2029;12.95;6;R$ 1.15;4033;1.15;15
CDB BANCO RODOBENS S/A - ...;06/10/2028;12.94;5;R$ 1.436.95;25;1436.95;15
CDB DAYCOVAL - JUN/2030;19/06/2030;12.93;8;R$ 20.000.00;14930;20000;15
CDB BANCO C6 CONSIGNADO S...;15/05/2029;12.93;6;R$ 1.087.68;2;1087.68;15
CDB PINE - FEV/2031;17/02/2031;12.93;9;R$ 1.048.63;91;1048.63;15
CDB BANCO C6 CONSIGNADO S...;15/05/2029;12.93;6;R$ 1.077.73;2;1077.73;15
CDB BANCO C6 CONSIGNADO S...;15/05/2029;12.93;6;R$ 1.083.75;16;1083.75;15
CDB PINE - ABR/2029;18/04/2029;12.93;6;R$ 1.150.79;17;1150.79;15
CDB FIBRA - NOV/2028;13/11/2028;12.93;10;R$ 1.365.90;15;1365.9;15
CDB PINE - OUT/2028;11/10/2028;12.92;5;R$ 1.336.87;12;1336.87;15
CDB BANCO RODOBENS S/A - ...;16/10/2028;12.91;5;R$ 1.442.86;2;1442.86;15
CDB FIBRA - OUT/2028;16/10/2028;12.91;10;R$ 1.338.60;25;1338.6;15
CDB BMG - OUT/2028;13/10/2028;12.91;5;R$ 1.40;3;1.4;15
CDB FIBRA - OUT/2028;23/10/2028;12.89;10;R$ 1.084.50;5;1084.5;15
CDB SOCINAL SA CRED FINAN...;19/06/2030;12.88;12;R$ 1.000.00;988;1000;15
CDB FIBRA - JUL/2029;30/07/2029;12.88;12;R$ 1.116.21;3;1116.21;15
CDB FIBRA - OUT/2028;24/10/2028;12.88;10;R$ 1.340.49;9;1340.49;15
CDB FIBRA - OUT/2029;29/10/2029;12.88;12;R$ 1.087.64;1;1087.64;15
CDB FIBRA - NOV/2028;13/11/2028;12.88;10;R$ 1.082.54;10;1082.54;15
CDB FIBRA - JUN/2029;13/06/2029;12.88;11;R$ 1.131.66;2;1131.66;15
CDB FIBRA - FEV/2030;08/02/2030;12.88;13;R$ 1.319.90;1;1319.9;15
CDB BANCO C6 CONSIGNADO S...;15/05/2029;12.88;6;R$ 1.082.33;8;1082.33;15
CDB FIBRA - OUT/2028;25/10/2028;12.88;10;R$ 1.186.21;9;1186.21;15
CDB DAYCOVAL - JUN/2031;19/06/2031;12.85;9;R$ 20.000.00;14942;20000;15
CDB BMG - NOV/2028;06/11/2028;12.85;5;R$ 1.08;2;1.08;15
LCA BTG PACTUAL - JUN/202...;20/06/2026;12.83;2;R$ 1.000.00;11964;1000;18
CDB FIBRA - JUL/2029;30/07/2029;12.83;12;R$ 1.114.93;12;1114.93;15
CDB FIBRA - FEV/2029;26/02/2029;12.83;11;R$ 1.309.07;20;1309.07;15
CDB BANCO C6 CONSIGNADO S...;15/05/2029;12.83;6;R$ 1.080.36;40;1080.36;15
CDB BMG - NOV/2028;17/11/2028;12.82;5;R$ 1.36;4;1.36;15
CDB BMG - NOV/2028;16/11/2028;12.82;5;R$ 2.21;41;2.21;15
CDB BANCO C6 S.A. - NOV/2...;22/11/2028;12.8;5;R$ 1.37;1;1.37;15
CDB BMG - NOV/2028;29/11/2028;12.79;5;R$ 1.33;114;1.33;15
CDB BMG - NOV/2028;28/11/2028;12.79;5;R$ 1.34;42;1.34;15
CDB PINE - NOV/2028;28/11/2028;12.79;5;R$ 1.298.26;5;1298.26;15
CDB PINE - OUT/2029;17/10/2029;12.78;7;R$ 1.338.91;4;1338.91;15
CDB FIBRA - SET/2029;10/09/2029;12.78;12;R$ 1.095.69;5;1095.69;15
CDB FIBRA - SET/2031;09/09/2031;12.78;15;R$ 1.079.62;1;1079.62;15
CDB FIBRA - AGO/2031;18/08/2031;12.78;15;R$ 1.072.17;14;1072.17;15
CDB PINE - JAN/2031;27/01/2031;12.78;9;R$ 1.155.58;7;1155.58;15
CDB FIBRA - FEV/2029;19/02/2029;12.78;11;R$ 1.133.01;1;1133.01;15
CDB PINE - FEV/2029;14/02/2029;12.78;6;R$ 1.149.02;20;1149.02;15
CDB FIBRA - MAR/2029;28/03/2029;12.78;11;R$ 1.381.68;20;1381.68;15
CDB BMG - MAR/2029;07/03/2029;12.78;6;R$ 1.14;13567;1.14;15
CDB FIBRA - MAR/2030;06/03/2030;12.78;13;R$ 1.283.48;3;1283.48;15
CDB FIBRA - ABR/2029;06/04/2029;12.78;11;R$ 1.342.43;9;1342.43;15
CDB BMG - MAR/2029;26/03/2029;12.78;6;R$ 1.16;12;1.16;15
CDB FIBRA - AGO/2029;01/08/2029;12.78;12;R$ 1.108.58;3;1108.58;15
CDB PINE - FEV/2029;26/02/2029;12.78;6;R$ 1.148.61;4;1148.61;15
CDB FIBRA - OUT/2029;24/10/2029;12.78;12;R$ 1.087.84;1;1087.84;15
CDB FIBRA - JUL/2029;30/07/2029;12.78;12;R$ 1.101.60;2;1101.6;15
CDB PINE - JUN/2029;12/06/2029;12.78;6;R$ 1.13;38;1.13;15
CDB BANCO RODOBENS S/A - ...;22/03/2029;12.78;6;R$ 1.234.51;1;1234.51;15
CDB BANCO RODOBENS S/A - ...;08/05/2029;12.78;6;R$ 1.267.67;5;1267.67;15
CDB BMG - JUL/2029;04/07/2029;12.78;7;R$ 1.08;1;1.08;15
CDB FIBRA - AGO/2032;16/08/2032;12.78;16;R$ 1.047.87;39;1047.87;15
CDB FIBRA - OUT/2030;31/10/2030;12.78;14;R$ 1.085.80;16;1085.8;15
CDB BMG - JUL/2029;25/07/2029;12.78;7;R$ 1.07;82;1.07;15
CDB BMG - JUL/2029;12/07/2029;12.78;7;R$ 1.08;49;1.08;15
CDB BANCO FIBRA SA - SET/...;16/09/2031;12.78;15;R$ 1.152.95;1;1152.95;15
CDB BMG - JUL/2029;02/07/2029;12.78;7;R$ 1.07;2;1.07;15
CDB PINE - MAR/2029;19/03/2029;12.78;6;R$ 1.142.35;2;1142.35;15
CDB FIBRA - AGO/2031;14/08/2031;12.78;15;R$ 1.063.80;6;1063.8;15
CDB FIBRA - FEV/2030;18/02/2030;12.78;13;R$ 1.125.50;1;1125.5;15
CDB FIBRA - JUN/2029;11/06/2029;12.78;11;R$ 1.131.83;10;1131.83;15
CDB BMG - ABR/2029;09/04/2029;12.78;6;R$ 1.13;5157;1.13;15
CDB BMG - JUL/2029;05/07/2029;12.78;7;R$ 1.26;12;1.26;15
CDB FIBRA - JUL/2029;24/07/2029;12.78;12;R$ 1.103.34;5;1103.34;15
CDB BMG - DEZ/2028;06/12/2028;12.78;5;R$ 1.35;9;1.35;15
CDB FIBRA - ABR/2029;25/04/2029;12.78;11;R$ 1.141.51;20;1141.51;15
CDB FIBRA - SET/2029;10/09/2029;12.78;12;R$ 1.075.49;5;1075.49;15
CDB BMG - JUN/2029;07/06/2029;12.78;6;R$ 1.10;4;1.1;15
CDB FIBRA - MAI/2029;28/05/2029;12.78;11;R$ 1.135.44;23;1135.44;15
CDB PINE - AGO/2029;15/08/2029;12.78;7;R$ 1.316.62;10;1316.62;15
CDB BMG - JUN/2029;22/06/2029;12.78;7;R$ 1.23;10;1.23;15
CDB BMG - AGO/2029;02/08/2029;12.78;7;R$ 1.07;11;1.07;15
CDB BMG - JUN/2029;19/06/2029;12.78;6;R$ 1.23;1;1.23;15
CDB PINE - NOV/2029;12/11/2029;12.78;7;R$ 1.334.94;1;1334.94;15
CDB BMG - MAI/2029;15/05/2029;12.78;6;R$ 1.17;56;1.17;15
CDB BMG - JUL/2029;05/07/2029;12.78;7;R$ 1.08;36;1.08;15
CDB BMG - ABR/2029;02/04/2029;12.78;6;R$ 1.14;8;1.14;15
CDB FIBRA - JUN/2029;04/06/2029;12.78;11;R$ 1.188.73;1;1188.73;15
CDB BMG - DEZ/2029;05/12/2029;12.78;7;R$ 1.25;4;1.25;15
CDB FIBRA - OUT/2029;16/10/2029;12.78;12;R$ 1.085.29;7;1085.29;15
CDB FIBRA - AGO/2029;22/08/2029;12.78;12;R$ 1.078.14;35;1078.14;15
CDB BMG - JUN/2029;27/06/2029;12.78;7;R$ 1.09;3;1.09;15
CDB FIBRA - JUN/2029;11/06/2029;12.78;11;R$ 1.132.31;2;1132.31;15
CDB FIBRA - ABR/2029;16/04/2029;12.78;11;R$ 1.140.02;100;1140.02;15
CDB PINE - ABR/2029;10/04/2029;12.78;6;R$ 1.145.27;26;1145.27;15
CDB FIBRA - MAI/2029;29/05/2029;12.78;11;R$ 1.318.16;10;1318.16;15
CDB FIBRA - ABR/2032;06/04/2032;12.78;16;R$ 1.134.88;5;1134.88;15
CDB FIBRA - JUN/2029;27/06/2029;12.78;12;R$ 1.113.68;1;1113.68;15
CDB FIBRA - OUT/2029;29/10/2029;12.78;12;R$ 1.087.01;7;1087.01;15
CDB BMG - ABR/2029;11/04/2029;12.78;6;R$ 1.14;43246;1.14;15
CDB BMG - MAR/2029;12/03/2029;12.78;6;R$ 1.19;50;1.19;15
CDB BMG - MAR/2029;19/03/2029;12.78;6;R$ 1.16;52464;1.16;15
CDB FIBRA - JUN/2031;25/06/2031;12.78;15;R$ 1.121.21;4;1121.21;15
CDB PINE - SET/2029;28/09/2029;12.78;7;R$ 1.347.93;2;1347.93;15
CDB PINE - SET/2029;25/09/2029;12.78;7;R$ 1.323.15;21;1323.15;15
CDB PINE - OUT/2029;01/10/2029;12.78;7;R$ 1.333.82;1;1333.82;15
CDB FIBRA - AGO/2030;15/08/2030;12.78;14;R$ 1.056.84;145;1056.84;15
CDB BANCO C6 S.A. - ABR/2...;02/04/2029;12.78;6;R$ 1.27;4;1.27;15
CDB FIBRA - MAR/2030;21/03/2030;12.78;13;R$ 1.134.22;2;1134.22;15
CDB BMG - JUL/2029;31/07/2029;12.78;7;R$ 1.07;3;1.07;15
CDB FIBRA - NOV/2029;16/11/2029;12.78;12;R$ 1.172.39;130;1172.39;15
CDB FIBRA - MAI/2029;02/05/2029;12.78;11;R$ 1.136.94;7;1136.94;15
CDB SOCINAL SA CRED FINAN...;04/12/2028;12.78;11;R$ 1.149.73;2;1149.73;15
CDB FIBRA - AGO/2029;29/08/2029;12.78;12;R$ 1.081.09;3;1081.09;15
CDB PINE - JAN/2029;30/01/2029;12.78;6;R$ 1.166.90;10;1166.9;15
CDB FIBRA - OUT/2032;04/10/2032;12.78;16;R$ 1.092.18;56;1092.18;15
CDB FIBRA - JUL/2032;16/07/2032;12.78;16;R$ 1.089.59;39;1089.59;15
CDB FIBRA - OUT/2029;22/10/2029;12.78;12;R$ 1.086.62;3;1086.62;15
CDB FIBRA - JUL/2029;16/07/2029;12.78;12;R$ 1.095.62;39;1095.62;15
LCI BANCO RODOBENS S/A - ...;20/06/2027;12.05;3;R$ 1.000.00;4749;1000;15
LCA BANCO BOCOM BBM SA - ...;19/06/2028;12.04;4;R$ 50.000.00;161;50000;15
LCA BTG PACTUAL - JUN/202...;20/06/2027;12.01;3;R$ 1.000.00;14281;1000;15
LCA BANCO BOCOM BBM SA - ...;19/06/2029;11.94;6;R$ 50.000.00;265;50000;15
LCI BANCO RODOBENS S/A - ...;19/06/2028;11.68;4;R$ 1.000.00;4914;1000;15
LCI OXY - JAN/2028;14/01/2028;11.48;11;R$ 1.055.09;1;1055.09;15
LCI OXY - MAR/2028;06/03/2028;11.38;11;R$ 1.040.75;1;1040.75;15
LCI OXY - NOV/2027;29/11/2027;11.3;8;R$ 1.042.54;1;1042.54;15
LCI BARI HIPOTECARIA - MA...;13/03/2028;11.28;11;R$ 1.128.22;2;1128.22;15
LCI BANCO BARI DE INVESTI...;02/05/2028;11.28;9;R$ 1.110.33;10;1110.33;15
LCA BTG PACTUAL - JUL/202...;04/07/2028;11.28;5;R$ 1.413.88;40;1413.88;15
LCA BTG PACTUAL - DEZ/202...;10/12/2029;10.78;7;R$ 1.229.92;37;1229.92;15
CDB BANCO MASTER S/A - OU...;25/10/2029;12.25;9;R$ 1.214.65;1;1214.65;15
CDB BANCO MASTER S/A - SE...;25/09/2030;12.25;10;R$ 1.050.36;19;1050.36;15
CDB BANCO MASTER S/A - AB...;18/04/2028;12.25;7;R$ 1.314.36;17;1314.36;15
CDB BANCO MASTER S/A - NO...;01/11/2029;12.25;9;R$ 1.211.76;1;1211.76;15
CDB BANCO MASTER S/A - SE...;26/09/2030;12.25;10;R$ 1.049.81;1;1049.81;15
CDB BANCO MASTER S/A - NO...;12/11/2029;12.25;9;R$ 1.027.44;1;1027.44;15
CDB BANCO MASTER S/A - AB...;24/04/2028;12.25;7;R$ 1.311.90;26;1311.9;15
CDB BANCO MASTER S/A - NO...;05/11/2029;12.25;9;R$ 1.211.06;4;1211.06;15
CDB BANCO MASTER S/A - OU...;18/10/2029;12.25;9;R$ 1.218.24;12;1218.24;15
CDB BANCO MASTER S/A - NO...;28/11/2029;12.25;9;R$ 1.182.07;36;1182.07;15
CDB BANCO MASTER S/A - AG...;13/08/2030;12.25;10;R$ 1.067.14;9;1067.14;15
CDB BANCO MASTER S/A - DE...;04/12/2029;12.25;9;R$ 1.019.25;9;1019.25;15
CDB BANCO MASTER S/A - MA...;05/03/2029;12.25;8;R$ 1.164.47;15;1164.47;15
CDB BANCO MASTER S/A - MA...;05/03/2029;12.25;8;R$ 1.165.07;2;1165.07;15
CDB BANCO MASTER S/A - JU...;24/06/2030;12.25;10;R$ 1.080.58;146;1080.58;15
CDB BANCO MASTER S/A - JU...;25/06/2029;12.25;9;R$ 1.087.25;1;1087.25;15
CDB BANCO MASTER S/A - DE...;10/12/2029;12.25;9;R$ 1.017.56;10;1017.56;15
CDB BANCO MASTER S/A - OU...;22/10/2030;12.25;10;R$ 1.040.05;9;1040.05;15
CDB BANCO MASTER S/A - OU...;01/10/2030;12.25;10;R$ 1.048.18;1;1048.18;15
CDB BANCO MASTER S/A - JA...;23/01/2029;12.25;8;R$ 1.163.89;5;1163.89;15
CDB BANCO MASTER S/A - JU...;09/07/2029;12.25;9;R$ 1.283.00;4;1283;15
CDB BANCO MASTER S/A - MA...;14/05/2029;12.25;8;R$ 1.314.66;1;1314.66;15
CDB BANCO MASTER S/A - OU...;07/10/2030;12.25;10;R$ 1.046.51;15;1046.51;15
CDB BANCO MASTER S/A - MA...;24/05/2029;12.25;8;R$ 1.308.11;12;1308.11;15
CDB BANCO MASTER S/A - MA...;10/05/2029;12.25;8;R$ 1.316.31;5;1316.31;15
CDB BANCO MASTER S/A - JU...;12/07/2028;12.25;7;R$ 1.286.15;1;1286.15;15
CDB BANCO MASTER S/A - DE...;05/12/2029;12.25;9;R$ 1.018.71;19;1018.71;15
CDB BANCO MASTER S/A - AG...;08/08/2028;12.25;7;R$ 1.261.87;5;1261.87;15
CDB BANCO MASTER S/A - JA...;05/01/2029;12.25;8;R$ 1.036.49;7;1036.49;15
CDB MASTER - JUROS MENSAL...;07/10/2030;12.25;10;R$ 945.00;103;945;15
CDB BANCO MASTER S/A - AB...;24/04/2028;12.25;7;R$ 1.147.09;5;1147.09;15
CDB BANCO MASTER S/A - JU...;21/06/2028;12.25;7;R$ 1.285.74;7;1285.74;15
CDB BANCO MASTER S/A - JU...;19/06/2030;12.25;10;R$ 1.082.19;2;1082.19;15
CDB BANCO MASTER S/A - JU...;21/06/2029;12.25;9;R$ 1.292.66;24;1292.66;15
CDB BANCO MASTER S/A - JU...;09/07/2029;12.25;9;R$ 1.081.22;25;1081.22;15
CDB BANCO MASTER S/A - OU...;02/10/2028;12.25;7;R$ 1.233.97;9;1233.97;15
CDB BANCO MASTER S/A - JU...;20/06/2029;12.25;9;R$ 1.308.57;7;1308.57;15
CDB BANCO MASTER S/A - SE...;04/09/2028;12.25;7;R$ 1.247.39;2;1247.39;15
CDB BANCO MASTER S/A - JA...;16/01/2031;12.25;11;R$ 1.007.51;9;1007.51;15
CDB BANCO MASTER S/A - AG...;22/08/2028;12.25;7;R$ 1.075.61;23;1075.61;15
CDB BANCO MASTER S/A - NO...;04/11/2030;12.25;10;R$ 1.023.18;11;1023.18;15
CDB MASTER - JUROS MENSAL...;13/09/2030;12.25;10;R$ 932.48;3;932.48;15
CDB BANCO MASTER S/A - AG...;08/08/2029;12.25;9;R$ 1.254.61;2;1254.61;15
CDB BANCO MASTER S/A - JU...;24/07/2029;12.25;9;R$ 1.074.67;5;1074.67;15
CDB BANCO MASTER S/A - MA...;23/05/2029;12.25;8;R$ 1.308.92;10;1308.92;15
CDB BANCO MASTER S/A - JU...;10/06/2030;12.25;10;R$ 1.086.57;2;1086.57;15
CDB BANCO MASTER S/A - JU...;14/06/2029;12.25;8;R$ 1.296.71;1;1296.71;15
CDB BANCO MASTER S/A - DE...;18/12/2030;12.25;10;R$ 1.018.52;3;1018.52;15
CDB BANCO MASTER S/A - NO...;04/11/2030;12.25;10;R$ 1.023.67;9;1023.67;15
CDB BANCO MASTER S/A - JU...;10/07/2028;12.25;7;R$ 1.276.10;2;1276.1;15
CDB BANCO MASTER S/A - JU...;03/06/2030;12.25;10;R$ 1.095.21;1;1095.21;15
CDB BANCO MASTER S/A - JU...;04/06/2029;12.25;8;R$ 1.099.93;10;1099.93;15
CDB BANCO MASTER S/A - MA...;18/03/2030;12.25;10;R$ 1.134.96;8;1134.96;15
CDB BANCO MASTER S/A - FE...;20/02/2030;12.25;10;R$ 1.166.11;5;1166.11;15
CDB BANCO MASTER S/A - AG...;06/08/2029;12.25;9;R$ 1.256.13;30;1256.13;15
CDB BANCO MASTER S/A - AG...;14/08/2028;12.25;7;R$ 1.079.41;4;1079.41;15
CDB BANCO MASTER S/A - AG...;04/08/2028;12.25;7;R$ 1.078.98;6;1078.98;15
CDB BANCO MASTER S/A - SE...;04/09/2028;12.25;7;R$ 1.070.69;10;1070.69;15
CDB BANCO MASTER S/A - OU...;30/10/2029;12.25;9;R$ 1.212.50;10;1212.5;15
CDB BANCO MASTER S/A - DE...;13/12/2029;12.25;9;R$ 1.174.67;28;1174.67;15
CDB BANCO MASTER S/A - MA...;03/05/2029;12.25;8;R$ 1.308.97;3;1308.97;15
CDB BANCO MASTER S/A - DE...;18/12/2029;12.25;9;R$ 1.193.37;3;1193.37;15
CDB BANCO MASTER S/A - MA...;22/05/2028;12.25;7;R$ 1.303.51;3;1303.51;15
CDB BANCO MASTER S/A - MA...;14/05/2029;12.25;8;R$ 1.126.83;1;1126.83;15
CDB BANCO MASTER S/A - FE...;06/02/2029;12.25;8;R$ 1.157.56;4;1157.56;15
CDB BANCO MASTER S/A - AG...;02/08/2028;12.25;7;R$ 1.277.26;6;1277.26;15
CDB BANCO MASTER S/A - OU...;17/10/2030;12.25;10;R$ 1.041.67;7;1041.67;15
CDB BANCO MASTER S/A - OU...;09/10/2028;12.25;7;R$ 1.230.33;1;1230.33;15
CDB BANCO MASTER S/A - JU...;14/07/2028;12.25;7;R$ 1.087.27;3;1087.27;15
CDB BANCO MASTER S/A - AG...;23/08/2029;12.25;9;R$ 1.246.25;4;1246.25;15
CDB BANCO MASTER S/A - NO...;21/11/2029;12.25;9;R$ 1.024.19;4;1024.19;15
CDB ORIGINAL - JUN/2028;19/06/2028;9.78;8;R$ 1.000.00;9340;1000;15
CDB BANCO C6 CONSIGNADO S...;17/10/2025;9.75;2;R$ 1.083.56;17;1083.56;23
CDB OMNI BANCO S/A - JUN/...;20/06/2027;9.75;7;R$ 1.000.00;7828;1000;15
CDB BANCO ANDBANK (BRASIL...;19/06/2028;9.7;3;R$ 1.000.00;9803;1000;15
CDB AGIBANK - SET/2025;19/09/2025;9.7;2;R$ 1.095.59;224;1095.59;23
CDB OMNI BANCO S/A - JUN/...;20/06/2026;9.65;7;R$ 1.000.00;4951;1000;18
CDB BANCO C6 S.A. - JUN/2...;19/06/2030;9.6;5;R$ 1.000.00;29995;1000;15
CDB BANCO C6 S.A. - JUN/2...;19/06/2028;9.6;3;R$ 1.000.00;29728;1000;15
CDB BANCO C6 S.A. - JUN/2...;19/06/2029;9.6;4;R$ 1.000.00;29983;1000;15
CDB BANCO C6 S.A. - JUN/2...;20/06/2027;9.55;2;R$ 1.000.00;29505;1000;15
CDB BANCO ANDBANK (BRASIL...;20/06/2027;9.55;1;R$ 1.000.00;9756;1000;15
CDB BANCO C6 S.A. - JUN/2...;20/06/2026;9.3;2;R$ 1.000.00;29929;1000;18
CDB PAGBANK - JUL/2025;15/07/2025;12.4875;1;R$ 1.03;950;1.03;23
CDB BANCO MASTER S/A - FE...;11/02/2028;10.6375;7;R$ 0.99;31500;0.99;15
CDB BANCO DIGIMAIS S.A. -...;19/06/2030;9.99;10;R$ 1.000.00;4567;1000;15
CDB BANCO DIGIMAIS S.A. -...;19/06/2029;9.8975;9;R$ 1.000.00;4075;1000;15
CDB BANCO SENFF - JUN/203...;19/06/2030;9.8975;12;R$ 1.000.00;198;1000;15
CDB SEMEAR - JUN/2030;19/06/2030;9.805;12;R$ 1.000.00;360;1000;15
CDB NEON FINANCEIRA - JUN...;19/06/2028;9.781875;11;R$ 1.000.00;2674;1000;15
CDB BANCO XP S.A. - MAI/2...;11/05/2026;9.75875;1;R$ 1.016.04;88;1016.04;20
CDB MIDWAY - RIACHUELO S....;19/06/2030;9.7125;12;R$ 1.000.00;19964;1000;15
CDB MIDWAY - RIACHUELO S....;19/06/2029;9.7125;11;R$ 1.000.00;19984;1000;15
CDB MIDWAY - RIACHUELO S....;19/06/2028;9.7125;11;R$ 1.000.00;19877;1000;15
CDB FATOR - JUN/2028;19/06/2028;9.7125;11;R$ 1.000.00;233;1000;15
CDB BANCO SENFF - JUN/202...;19/06/2029;9.7125;11;R$ 1.000.00;971;1000;15
CDB SEMEAR - JUN/2029;19/06/2029;9.7125;11;R$ 1.000.00;484;1000;15
CDB BDMG - JUN/2030;20/06/2030;9.7125;6;R$ 10.000.00;9712;10000;15
CDB VIA CERTA FINANCIADOR...;19/06/2028;9.7125;11;R$ 1.000.00;19810;1000;15
CDB NEON FINANCEIRA - DEZ...;07/12/2027;9.7125;8;R$ 1.000.00;2013;1000;15
CDB PAULISTA - JUN/2028;19/06/2028;9.7125;11;R$ 1.000.00;1644;1000;15
CDB NEON FINANCEIRA - JUN...;20/06/2027;9.689375;8;R$ 1.000.00;2389;1000;15
CDB RP FINANCEIRA S.A - S...;20/06/2027;9.66375;8;R$ 1.000.00;983;1000;15
CDB SEMEAR - JUN/2028;19/06/2028;9.62;11;R$ 1.000.00;500;1000;15
CDB ORIGINAL - JUN/2028;19/06/2028;9.62;8;R$ 1.000.00;9340;1000;15
CDB BDMG - JUN/2029;20/06/2029;9.62;4;R$ 10.000.00;9880;10000;15
CDB AFINZ - JUN/2027;20/06/2027;9.57375;8;R$ 10.000.00;240;10000;15
CDB ZEMA FINANCEIRA - JUN...;20/06/2027;9.57375;7;R$ 1.000.00;29;1000;15
CDB BANCO ANDBANK (BRASIL...;19/06/2028;9.548125;3;R$ 1.000.00;9803;1000;15
CDB RP FINANCEIRA S.A - S...;20/06/2026;9.5275;8;R$ 1.000.00;1620;1000;18
CDB CORA SOCIEDADE DE CRE...;20/06/2026;9.5275;8;R$ 1.000.00;388;1000;18
CDB SOCINAL SA CRED FINAN...;19/06/2030;9.5275;12;R$ 1.000.00;1000;1000;15
CDB NBC BANK - JUN/2031;19/06/2031;9.5275;6;R$ 1.000.00;7845;1000;15
CDB SEMEAR - JUN/2027;20/06/2027;9.5275;8;R$ 1.000.00;493;1000;15
CDB NBC BANK - JUN/2030;19/06/2030;9.5275;5;R$ 1.000.00;7952;1000;15
CDB ORIGINAL - JUN/2027;20/06/2027;9.5275;7;R$ 1.000.00;3762;1000;15
CDB NBC BANK - JUN/2029;19/06/2029;9.5275;4;R$ 1.000.00;8000;1000;15
CDB NEON FINANCEIRA - DEZ...;12/12/2026;9.5275;8;R$ 1.000.00;2797;1000;18
CDB BANCO SENFF - JUN/202...;19/06/2028;9.5275;11;R$ 1.000.00;1000;1000;15
CDB OMNI BANCO S/A - JUN/...;20/06/2027;9.5275;7;R$ 1.000.00;7828;1000;15
CDB PAULISTA - JUN/2026;20/06/2026;9.5275;8;R$ 1.000.00;1412;1000;18
CDB NBC BANK - JUN/2032;18/06/2032;9.5275;8;R$ 1.000.00;7958;1000;15
CDB AFINZ - DEZ/2026;12/12/2026;9.48125;8;R$ 10.000.00;250;10000;18
CDB NEON FINANCEIRA - JUN...;20/06/2026;9.48125;8;R$ 1.000.00;2981;1000;18
CDB AFINZ - JUN/2026;20/06/2026;9.435;8;R$ 10.000.00;250;10000;18
CDB BANCO SENFF - JUN/202...;20/06/2027;9.435;8;R$ 1.000.00;1000;1000;15
CDB BANCO BBC - GRUPO SIM...;20/06/2027;9.435;2;R$ 1.000.00;14934;1000;15
CDB BANCO TRIANGULO S/A -...;19/06/2030;9.435;10;R$ 1.000.00;3000;1000;15
CDB BANCO RENDIMENTO - JU...;19/06/2028;9.435;3;R$ 1.000.00;5000;1000;15
CDB SEMEAR - JUN/2026;20/06/2026;9.435;8;R$ 1.000.00;499;1000;18
CDB BANCO BBC - GRUPO SIM...;07/12/2027;9.435;2;R$ 1.000.00;14949;1000;15
CDB CALCRED S.A. - JUN/20...;20/06/2027;9.435;8;R$ 1.000.00;500;1000;15
CDB BANCO TOPAZIO S.A. - ...;20/06/2027;9.435;5;R$ 1.000.00;500;1000;15
CDB BRB - JUN/2027;20/06/2027;9.435;2;R$ 1.000.00;81036;1000;15
CDB BANCO BBC - GRUPO SIM...;12/12/2026;9.435;2;R$ 1.000.00;14982;1000;18
CDB BANCO C6 S.A. - JUN/2...;19/06/2030;9.435;5;R$ 1.000.00;29995;1000;15
CDB BANCO C6 S.A. - JUN/2...;20/06/2027;9.435;2;R$ 1.000.00;29505;1000;15
CDB BANCO C6 S.A. - JUN/2...;19/06/2028;9.435;3;R$ 1.000.00;29728;1000;15
CDB BANCO C6 S.A. - JUN/2...;19/06/2029;9.435;4;R$ 1.000.00;29983;1000;15
CDB NBC BANK - JUN/2028;19/06/2028;9.435;3;R$ 1.000.00;8000;1000;15
CDB BANCO TRIANGULO S/A -...;19/06/2029;9.435;8;R$ 1.000.00;3000;1000;15
CDB BANCO RENDIMENTO - JU...;20/06/2027;9.435;2;R$ 1.000.00;4965;1000;15
CDB CALCRED S.A. - JUN/20...;19/06/2028;9.435;11;R$ 1.000.00;500;1000;15
CDB BANCO BBC - GRUPO SIM...;19/06/2028;9.435;3;R$ 1.000.00;14984;1000;15
CDB OMNI BANCO S/A - JUN/...;20/06/2026;9.435;7;R$ 1.000.00;4951;1000;18
CDB BANCO ANDBANK (BRASIL...;20/06/2027;9.416125;1;R$ 1.000.00;9756;1000;15
CDB PAGBANK - DEZ/2025;17/12/2025;9.411875;1;R$ 100.00;99039771;100;23
CDB PICPAY - MAR/2026;17/03/2026;9.411875;2;R$ 1.000.00;4871;1000;20
CDB PAGBANK - SET/2025;18/09/2025;9.38875;1;R$ 100.00;493910425;100;23
CDB PICPAY - DEZ/2025;18/12/2025;9.38875;2;R$ 1.000.00;4921;1000;20
CDB BANCO BBC - GRUPO SIM...;20/06/2026;9.38875;2;R$ 1.000.00;14997;1000;18
CDB PAGBANK - OUT/2025;18/10/2025;9.38875;1;R$ 100.00;98366715;100;23
CDB CORA SOCIEDADE DE CRE...;17/12/2025;9.38875;8;R$ 1.000.00;500;1000;23
CDB BANCO RODOBENS S/A - ...;19/06/2030;9.379;5;R$ 1.000.00;2000;1000;15
CDB PICPAY - SET/2025;18/09/2025;9.365625;2;R$ 1.000.00;4913;1000;23
CDB BANCO RODOBENS S/A - ...;19/06/2029;9.361;4;R$ 1.000.00;1978;1000;15
CDB BANCO TRIANGULO S/A -...;19/06/2028;9.3425;7;R$ 1.000.00;3000;1000;15
CDB ORIGINAL - JUN/2026;20/06/2026;9.3425;7;R$ 1.000.00;10000;1000;18
CDB ORIGINAL - DEZ/2026;12/12/2026;9.3425;7;R$ 1.000.00;10000;1000;18
CDB BANCO SENFF - JUN/202...;20/06/2026;9.3425;8;R$ 1.000.00;1000;1000;18
CDB NEON FINANCEIRA - DEZ...;18/12/2025;9.3425;8;R$ 1.000.00;3000;1000;20
CDB NEON FINANCEIRA - SET...;18/09/2025;9.3425;8;R$ 1.000.00;2964;1000;23
CDB PICPAY - JUN/2028;19/06/2028;9.3425;3;R$ 1.000.00;4998;1000;15
CDB BANCO RENDIMENTO - DE...;18/12/2025;9.3425;2;R$ 1.000.00;4815;1000;20
CDB NBC BANK - JUN/2027;20/06/2027;9.3425;1;R$ 1.000.00;8000;1000;15
CDB BANCO RENDIMENTO - JU...;20/06/2026;9.3425;2;R$ 1.000.00;5000;1000;18
CDB BDMG - JUN/2028;20/06/2028;9.3425;3;R$ 10.000.00;10000;10000;15
CDB PICPAY - JUN/2029;19/06/2029;9.3425;4;R$ 1.000.00;3000;1000;15
CDB PICPAY - JUN/2027;20/06/2027;9.3425;2;R$ 1.000.00;4992;1000;15
CDB BANCO RODOBENS S/A - ...;19/06/2028;9.31475;3;R$ 1.000.00;2000;1000;15
CDB BANCO C6 S.A. - DEZ/2...;18/12/2025;9.29625;2;R$ 1.000.00;29992;1000;20
CDB PAGBANK - AGO/2025;19/08/2025;9.29625;1;R$ 100.00;99453969;100;23
CDB PICPAY - DEZ/2026;12/12/2026;9.29625;2;R$ 1.000.00;5000;1000;18
CDB PICPAY - JUN/2026;20/06/2026;9.29625;2;R$ 1.000.00;4998;1000;18
CDB BANCO PAN S/A - DEZ/2...;18/12/2025;9.273125;1;R$ 1.000.00;4492;1000;20
CDB STONE SCFI - OUT/2025;29/10/2025;9.25;1;R$ 1.086.15;151;1086.15;23
CDB BANCO TOPAZIO S.A. - ...;20/06/2026;9.25;5;R$ 1.000.00;500;1000;18
CDB BANCO VOLKSWAGEN - DE...;09/12/2025;9.25;1;R$ 1.071.09;4;1071.09;23
CDB BANCO BARI DE INVESTI...;20/06/2027;9.25;5;R$ 1.000.00;3000;1000;15
CDB PARANA BANCO S/A - FE...;10/02/2026;9.25;2;R$ 1.050.26;44;1050.26;20
CDB BMG - NOV/2025;19/11/2025;9.25;2;R$ 1.078.91;191;1078.91;23
CDB BANCO XP S.A. - JUN/2...;20/06/2027;9.25;1;R$ 1.000.00;608763;1000;15
CDB BANCO TOYOTA DO BRASI...;02/01/2026;9.25;1;R$ 1.060.15;8149;1060.15;20
CDB BANCO VOLKSWAGEN - AG...;05/08/2025;9.25;1;R$ 1.111.80;917;1111.8;23
CDB HAITONG - OUT/2025;23/10/2025;9.25;1;R$ 1.213.38;2551;1213.38;23
CDB PARANA BANCO S/A - JA...;30/01/2026;9.25;2;R$ 1.054.64;1301;1054.64;20
CDB BANCO VOLKSWAGEN - DE...;11/12/2025;9.25;1;R$ 1.070.15;1000;1070.15;23
CDB BANCO CNH CAPITAL S/A...;24/05/2027;9.25;1;R$ 1.011.57;831;1011.57;18
CDB BMG - DEZ/2025;23/12/2025;9.25;2;R$ 1.07;273;1.07;20
CDB BANCO VOLKSWAGEN - OU...;16/10/2025;9.25;1;R$ 1.087.89;70;1087.89;23
CDB BANCO CNH CAPITAL S/A...;14/06/2027;9.25;1;R$ 1.002.30;1;1002.3;15
CDB LUSO BRASILEIRO - JUN...;20/06/2026;9.25;8;R$ 1.000.00;800;1000;18
CDB BANCO VOLKSWAGEN - AG...;12/08/2025;9.25;1;R$ 1.109.51;4507;1109.51;23
CDB BANCO VOLKSWAGEN - MA...;02/03/2026;9.25;1;R$ 1.043.82;391;1043.82;20
CDB BANCO CARREFOUR - FEV...;20/02/2026;9.25;1;R$ 1.044.63;620;1044.63;20
CDB BANCO TRIANGULO S/A -...;20/06/2027;9.25;5;R$ 1.000.00;3000;1000;15
CDB BANCO CNH CAPITAL S/A...;15/03/2027;9.25;1;R$ 1.037.84;2647;1037.84;18
CDB BANCO VOLKSWAGEN - DE...;22/12/2025;9.25;1;R$ 1.065.12;1;1065.12;20
CDB HAITONG - MAR/2027;22/03/2027;9.25;1;R$ 1.035.11;5;1035.11;18
CDB BANCO CARREFOUR - MAR...;26/03/2026;9.25;1;R$ 1.032.74;9710;1032.74;20
CDB BANCO GMAC S.A. - SET...;19/09/2025;9.25;1;R$ 1.099.04;4230;1099.04;23
CDB BANCO VOLKSWAGEN - AG...;14/08/2025;9.25;1;R$ 1.108.60;17;1108.6;23
CDB BANCO VOLKSWAGEN - DE...;19/12/2025;9.25;1;R$ 1.065.61;262;1065.61;20
CDB BANCO CARREFOUR - ABR...;06/04/2026;9.25;1;R$ 1.029.36;20747;1029.36;20
CDB BANCO VOLKSWAGEN - JU...;20/06/2026;9.25;1;R$ 5.000.00;8196;5000;18
CDB PAGBANK - SET/2025;11/09/2025;9.25;1;R$ 1.102.48;2921;1102.48;23
CDB AGIBANK - SET/2025;15/09/2025;9.25;2;R$ 1.101.54;15431;1101.54;23
CDB PAGBANK - JUN/2026;20/06/2026;9.25;1;R$ 100.00;99993310;100;18
CDB PAGBANK - JUL/2025;20/07/2025;9.25;1;R$ 100.00;199104006;100;23
CDB BANCO TOYOTA DO BRASI...;28/11/2025;9.25;1;R$ 1.074.54;341;1074.54;23
CDB STONE SCFI - NOV/2025;03/11/2025;9.25;1;R$ 1.084.74;2115;1084.74;23
CDB BANCO C6 S.A. - JUN/2...;20/06/2026;9.25;2;R$ 1.000.00;29929;1000;18
CDB BANPARA - JAN/2026;06/01/2026;9.25;2;R$ 1.062.79;8464;1062.79;20
CDB BANPARA - JAN/2026;06/01/2026;9.25;2;R$ 1.062.79;2972;1062.79;20
CDB BMG - DEZ/2025;03/12/2025;9.25;2;R$ 1.074.56;9661;1074.56;23
CDB BANPARA - NOV/2025;06/11/2025;9.25;2;R$ 1.081.97;6887;1081.97;23
CDB BANPARA - NOV/2025;06/11/2025;9.25;2;R$ 1.081.97;6739;1081.97;23
CDB BANCO VOLKSWAGEN - DE...;18/12/2025;9.25;1;R$ 1.066.11;47;1066.11;20
CDB STONE SCFI - AGO/2025;26/08/2025;9.25;1;R$ 1.109.68;4212;1109.68;23
CDB AGIBANK - ABR/2026;10/04/2026;9.25;2;R$ 1.157.43;1065;1157.43;20
CDB BANCO CNH CAPITAL S/A...;10/07/2025;9.25;1;R$ 1.260.17;1328;1260.17;23
CDB PARANA BANCO S/A - AB...;08/04/2026;9.25;2;R$ 1.028.08;19793;1028.08;20
CDB BRB - JUN/2026;20/06/2026;9.25;2;R$ 1.000.00;98328;1000;18
CDB BANCO VOLKSWAGEN - JA...;15/01/2026;9.25;1;R$ 1.058.52;33;1058.52;20
CDB HAITONG - AGO/2025;28/08/2025;9.25;1;R$ 1.237.71;1794;1237.71;23
CDB HAITONG - SET/2025;24/09/2025;9.25;1;R$ 1.225.60;1524;1225.6;23
CDB BANCO VOLKSWAGEN - AG...;19/08/2025;9.25;1;R$ 1.107.23;2;1107.23;23
CDB BANPARA - OUT/2025;09/10/2025;9.25;2;R$ 1.091.22;7080;1091.22;23
CDB AGIBANK - OUT/2025;20/10/2025;9.25;2;R$ 1.090.57;5231;1090.57;23
CDB STONE SCFI - DEZ/2025;18/12/2025;9.25;1;R$ 1.000.00;5000;1000;20
CDB PARANA BANCO S/A - JA...;26/01/2026;9.25;2;R$ 1.057.25;444;1057.25;20
CDB STONE SCFI - ABR/2026;09/04/2026;9.25;1;R$ 1.027.25;13927;1027.25;20
CDB BANCO VOLKSWAGEN - JU...;18/06/2026;9.25;1;R$ 1.000.56;37753;1000.56;18
CDB BANCO VOLKSWAGEN - NO...;24/11/2025;9.25;1;R$ 1.076.28;2403;1076.28;23
CDB BMG - DEZ/2025;12/12/2025;9.25;2;R$ 1.071.19;10495;1071.19;23
CRA UBYFOL - MAI/2028;22/05/2028;17.30;31;R$ 1.013.93;4266;1013.93;15
CRA FS FLORESTAL - MAR/2030;15/03/2030;16.25;30;R$ 1.048.50;4703;1048.5;15
CRA FS BIO - JUN/2030;17/06/2030;15.70;29;R$ 924.04;504;924.04;15
CRA FS BIO - JUL/2030;15/07/2030;15.70;33;R$ 923.24;428;923.24;15
CRA FS FLORESTAL - JUN/2030;15/06/2030;15.70;29;R$ 991.99;909;991.99;15
LF BMG - MAI/2030;14/05/2030;15.60;22;R$ 49.624.76;4;49624.76;15
LF PINE - JUN/2027;20/06/2027;15.05;7;R$ 50.000.00;398;50000;15
LF BANCO BV S/A - MAR/2026;10/03/2026;15.00;2;R$ 70.729.40;1;70729.4;20
LF BMG - JUN/2030;19/06/2030;14.98;22;R$ 50.000.00;394;50000;15
LF BMG - JUN/2027;20/06/2027;14.95;7;R$ 50.000.00;398;50000;15
LF BANCO ALFA - JAN/2026;23/01/2026;14.90;12;R$ 55.709.80;2;55709.8;20
CRI BILD - JAN/2030;16/01/2030;14.90;32;R$ 1.121.00;4963;1121;15
LF BMG - JUN/2029;19/06/2029;14.85;17;R$ 50.000.00;398;50000;15
LF PINE - JUN/2029;19/06/2029;14.85;17;R$ 50.000.00;400;50000;15
LF BANCO ALFA - OUT/2025;27/10/2025;14.80;12;R$ 76.865.32;7;76865.32;23
DEB VERO S.A. - OUT/2031;15/10/2031;14.75;40;R$ 1.022.28;524;1022.28;15
LF PINE - JUN/2028;19/06/2028;14.70;12;R$ 50.000.00;400;50000;15
LF BMG - JUN/2028;19/06/2028;14.66;12;R$ 50.000.00;400;50000;15
LF BANCO C6 S.A. - JUN/2027;20/06/2027;14.40;7;R$ 50.000.00;600;50000;15
DEB VERO S.A. - MAR/2031;15/03/2031;14.35;37;R$ 982.86;349;982.86;15
DEB ORIGEM ENERGIA S.A. - DEZ/2035;15/12/2035;14.30;36;R$ 995.12;4889;995.12;15
DEB V.TAL - REDE - ABR/2032;15/04/2032;14.09;32;R$ 1.051.56;741;1051.56;15
LF BANCO C6 S.A. - JUN/2028;19/06/2028;14.00;12;R$ 50.000.00;600;50000;15
CRA JF CITRUS - MAR/2029;15/03/2029;13.90;34;R$ 947.64;683;947.64;15
CDCA VAMOS - SET/2031;15/09/2031;13.85;40;R$ 1.024.72;603;1024.72;15
CRA MINERVA - NOV/2034;16/11/2034;13.80;30;R$ 1.054.29;1727;1054.29;15
LF BANCO XP S.A. - JUN/2027;20/06/2027;13.70;4;R$ 50.000.00;399;50000;15
CRA MINERVA - NOV/2031;17/11/2031;13.70;32;R$ 1.031.19;243;1031.19;15
LF BANCO XP S.A. - JUN/2030;19/06/2030;13.65;12;R$ 50.000.00;398;50000;15
CRI COGNA - NOV/2028;16/11/2028;13.65;25;R$ 986.53;1002;986.53;15
CRA MINERVA - ABR/2030;15/04/2030;13.65;25;R$ 1.085.60;4126;1085.6;15
CRA LAR COOPERATIVA - ABR/2029;15/04/2029;13.55;25;R$ 983.34;485;9
LF BANCO XP S.A. - JUN/2029;19/06/2029;13.5;9;R$ 50.000.00;400;50000;15.0
CRA MINERVA - SET/2030;16/09/2030;13.45;22;R$ 1.035.40;802;1035.4;15.0
LF BANCO XP S.A. - JUN/2028;19/06/2028;13.4;7;R$ 50.000.00;400;50000;15.0
CRA MINERVA - MAR/2031;17/03/2031;13.4;25;R$ 983.86;3017;983.86;15.0
CRA MARFRIG - OUT/2031;15/10/2031;13.2;20;R$ 1.028.05;259;1028.05;15.0
CRI JHSF PARTICIPACOES - JUL/2031;15/07/2031;13.0;23;R$ 1.022.73;440;1022.73;15.0
DEB PETRORECONCAVO - MAI/2031;15/05/2031;12.9;21;R$ 1.011.72;997;1011.72;15.0
DEB PETRO RIO JAGUAR PETROLEO - FEV/2029;15/02/2029;12.8;16;R$ 989.86;4839;989.86;15.0
DEB PETRO RIO JAGUAR PETROLEO - ABR/2029;15/04/2029;12.8;16;R$ 968.44;300;968.44;15.0
CRI CURY - JAN/2032;15/01/2032;12.75;19;R$ 1.138.88;484;1138.88;15.0
CRI CURY - MAI/2031;28/05/2031;12.7;22;R$ 998.17;512;998.17;15.0
DEB COELBA (NEOENERGIA) - ABR/2032;25/04/2032;12.6;21;R$ 1.061.90;4997;1061.9;15.0
DEB ENGIE - JAN/2032;15/01/2032;12.45;19;R$ 1.115.00;4807;1115;15.0
CRA FAZENDÃO - NOV/2030;18/11/2030;18.13;35;R$ 994.91;2852;994.91;15.0
DEB MOVIDA - JUN/2032;15/06/2032;17.48;23;R$ 981.77;575;981.77;15.0
CRA FS BIO - JUN/2030;17/06/2030;16.080000000000002;32;R$ 968.24;441;968.24;15.0
CRI SOLAR GRID - DEZ/2038;15/12/2038;16.03;35;R$ 928.99;5096;928.99;15.0
CRA FS FLORESTAL - MAR/2033;15/03/2033;15.98;33;R$ 1.056.41;522;1056.41;15.0
LF PINE - JUN/2027;20/06/2027;15.48;6;R$ 50.000.00;390;50000;15.0
CRI URBA - DEZ/2039;26/12/2039;15.280000000000001;34;R$ 1.066.50;4963;1066.5;15.0
LF BANCO BV S/A - SET/2025;29/09/2025;15.23;2;R$ 73.728.27;4;73728.27;23.0
LF BANCO BRADESCO S/A - AGO/2026;13/08/2026;15.18;2;R$ 72.568.21;3;72568.21;18.0
DEB ROTA DAS BANDEIRAS - OUT/2025;15/10/2025;15.080000000000002;13;R$ 20.111.24;12;20111.24;23.0
LF PINE - JUN/2028;19/06/2028;14.93;10;R$ 50.000.00;400;50000;15.0
CRI DELTA - MAI/2032;15/05/2032;14.879999999999999;27;R$ 1.039.92;1977;1039.92;15.0
CRI DELTA - MAI/2031;15/05/2031;14.780000000000001;29;R$ 1.022.89;450;1022.89;15.0
DEB CICLUS - GRUPO SIMPAR - JUL/2031;15/07/2031;14.780000000000001;28;R$ 1.073.29;730;1073.29;15.0
DEB UNIDAS - ABR/2029;15/04/2029;14.780000000000001;14;R$ 1.099.91;731;1099.91;15.0
LF PINE - JUN/2029;19/06/2029;14.73;14;R$ 50.000.00;396;50000;15.0
CDCA VAMOS - SET/2031;15/09/2031;14.73;27;R$ 1.019.38;279;1019.38;15.0
DEB AGEMAR - NOVO NORTE AEROPORTOS - DEZ...;15/12/2040;14.68;46;R$ 1.223.07;5000;1223.07;15.0
LF DAYCOVAL - JAN/2027;18/01/2027;14.629999999999999;3;R$ 69.511.25;1;69511.25;18.0
CRI MRV - FEV/2029;15/02/2029;14.580000000000002;20;R$ 1.138.96;576;1138.96;15.0
DEB LOCALIZA - SET/2031;15/09/2031;14.530000000000001;17;R$ 1.148.35;990;1148.35;15.0
CRI MRV - SET/2032;15/09/2032;14.48;25;R$ 1.052.27;408;1052.27;15.0
CRI REDE D'OR - JUL/2025;15/07/2025;14.330000000000002;10;R$ 1.480.70;486;1480.7;23.0
CRI MRV - OUT/2031;15/10/2031;14.330000000000002;29;R$ 1.033.05;694;1033.05;15.0
DEB COMGAS - MAI/2028;15/05/2028;8.55;10;R$ 1.726.52;671;1726.52;15.0
DEB VIARONDON - DEZ/2034;15/12/2034;14.330000000000002;28;R$ 1.135.16;591;1135.16;15.0
DEB UTE GNA I - JUL/2039;15/07/2039;14.330000000000002;41;R$ 1.130.39;851;1130.39;15.0
CRI GRUPO JOSÉ ALVES - JUN/2032;15/06/2032;14.280000000000001;23;R$ 1.061.36;430;1061.36;15.0
DEB IGUA - FEV/2044;15/02/2044;14.25;40;R$ 1.043.77;2268;1043.77;15.0
CRI CASHME - MAI/2032;17/05/2032;14.23;14;R$ 1.00;4033728;1;15.0
CRA LAR COOPERATIVA - ABR/2031;15/04/2031;14.18;26;R$ 1.039.03;530;1039.03;15.0
LF BMG - JUN/2030;19/06/2030;14.170000000000002;18;R$ 50.000.00;398;50000;15.0
CRA BEM BRASIL - MAI/2029;15/05/2029;14.129999999999999;21;R$ 1.098.84;342;1098.84;15.0
DEB ORIGEM ENERGIA S.A. - DEZ/2035;15/12/2035;14.129999999999999;34;R$ 1.084.97;2971;1084.97;15.0
CRA CMAA - OUT/2034;16/10/2034;14.129999999999999;25;R$ 1.054.42;4893;1054.42;15.0
DEB IGUA - MAI/2043;15/05/2043;14.080000000000002;32;R$ 1.271.04;1190;1271.04;15.0
DEB RIO+ - NOV/2043;15/11/2043;14.080000000000002;35;R$ 1.125.77;948;1125.77;15.0
LF BMG - JUN/2029;19/06/2029;14.059999999999999;14;R$ 50.000.00;400;50000;15.0
DEB CEEE-G - DEZ/2041;14/12/2041;13.98;44;R$ 1.050.56;4993;1050.56;15.0
CRA COCAL - AGO/2030;15/08/2030;13.93;14;R$ 1.098.51;263;1098.51;15.0
CRI PEDRA DOURADA - AGO/2039;15/08/2039;13.879999999999999;25;R$ 1.015.06;675;1015.06;15.0
CRA SOROCABA REFRESCOS - AGO/2034;15/08/2034;13.830000000000002;36;R$ 1.011.72;739;1011.72;15.0
CRI SOMA - FEV/2030;15/02/2030;13.780000000000001;21;R$ 1.032.42;815;1032.42;15.0
DEB AEGEA RIO SPE4 - SET/2042;15/09/2042;13.73;33;R$ 1.06;680448;1.06;15.0
DEB CERRADINHO BIOENERGIA - DEZ/2034;15/12/2034;13.68;29;R$ 1.057.01;5000;1057.01;15.0
DEB AEGEA RIO SPE4 - JAN/2034;15/01/2034;13.68;29;R$ 10.76;63080;10.76;15.0
DEB AEGEA RIO SPE4 - JAN/2042;15/01/2042;13.629999999999999;40;R$ 10.71;45734;10.71;15.0
DEB AEGEA RIO SPE1 - JAN/2034;15/01/2034;13.530000000000001;29;R$ 10.83;64974;10.83;15.0
DEB ZILOR - JUL/2034;15/07/2034;13.48;18;R$ 1.181.43;516;1181.43;15.0
LF BMG - JUN/2028;19/06/2028;13.46;10;R$ 50.000.00;400;50000;15.0
CRI GUARDIAN SLB ATACADAO - DEZ/2037;15/12/2037;13.43;21;R$ 1.040.83;4234;1040.83;15.0
CRA VERA CRUZ AGROPECUARIA - OUT/2032;06/10/2032;13.43;23;R$ 1.047.15;4981;1047.15;15.0
LF BANCO BRADESCO S/A - AGO/2031;13/08/2031;13.379999999999999;10;R$ 67.754.95;4;67754.95;15.0
CRA CAMIL - NOV/2033;16/11/2033;13.379999999999999;27;R$ 1.029.02;549;1029.02;15.0
CRA REFRESCOS BANDEIRANTES - NOV/2034;16/11/2034;13.379999999999999;38;R$ 1.031.49;4901;1031.49;15.0
CRA VALE DO IVINHEMA - JUL/2031;15/07/2031;13.33;26;R$ 1.042.63;708;1042.63;15.0
CRA MARFRIG - OUT/2034;16/10/2034;13.33;24;R$ 1.040.68;667;1040.68;15.0
CRI DIRECIONAL - JUN/2032;15/06/2032;13.280000000000001;16;R$ 1.082.22;8;1082.22;15.0
CRA ADECOAGRO VALE DO IVINHEMA - JUL/203...;17/07/2034;13.280000000000001;35;R$ 1.036.47;534;1036.47;15.0
CRA SEARA (JBS) - MAI/2055;17/05/2055;13.280000000000001;28;R$ 1.039.35;6065;1039.35;15.0
DEB HIDROVIAS - OUT/2031;15/10/2031;13.280000000000001;38;R$ 1.150.61;448;1150.61;15.0
CRA MARFRIG - OUT/2032;15/10/2032;13.23;15;R$ 1.138.97;628;1138.97;15.0
CRA MARFRIG - MAR/2034;15/03/2034;13.23;23;R$ 1.043.15;669;1043.15;15.0
DEB CONVICON - CONTEINERES DE - NOV/2031;15/11/2031;13.18;16;R$ 691.50;539;691.5;15.0
CRA SEARA - FEV/2055;15/02/2055;13.18;30;R$ 1.041.81;872;1041.81;15.0
DEB JALLES MACHADO - SET/2032;15/09/2032;13.18;18;R$ 1.114.89;525;1114.89;15.0
DEB RAIZEN - JUN/2030;15/06/2030;13.18;22;R$ 1.303.12;56;1303.12;15.0
CRA MARFRIG - ABR/2040;16/04/2040;13.129999999999999;28;R$ 1.101.52;4975;1101.52;15.0
CRA MARFRIG - OUT/2039;17/10/2039;13.129999999999999;30;R$ 1.068.02;856;1068.02;15.0
DEB POTENGI - DEZ/2041;15/12/2041;13.129999999999999;40;R$ 1.065.39;671;1065.39;15.0
CRA RAIZEN - AGO/2032;16/08/2032;13.08;15;R$ 1.167.67;4866;1167.67;15.0
CRA BRF - ABR/2040;16/04/2040;13.08;33;R$ 1.097.39;4953;1097.39;15.0
CRA BRF - ABR/2045;17/04/2045;13.08;36;R$ 1.126.19;4635;1126.19;15.0
DEB ENEL SP - JUN/2029;15/06/2029;13.08;28;R$ 1.045.21;5000;1045.21;15.0
DEB SAO MANOEL ENERGIA - JUN/2033;15/06/2033;13.08;17;R$ 831.09;717;831.09;15.0
CRI NATURA - SET/2029;17/09/2029;13.030000000000001;25;R$ 1.146.75;596;1146.75;15.0
CRA JBS - SET/2033;15/09/2033;13.030000000000001;21;R$ 1.074.04;448;1074.04;15.0
CRA JBS - MAI/2034;15/05/2034;13.030000000000001;23;R$ 1.019.74;217;1019.74;15.0
CRA JBS - SET/2030;16/09/2030;12.93;18;R$ 1.085.34;14;1085.34;15.0
DEB LTTE TRANSMISSORA - OUT/2038;15/10/2038;12.93;27;R$ 1.130.72;695;1130.72;15.0
DEB PETRO RIO JAGUAR PETROLEO - AGO/2032;15/08/2032;12.93;21;R$ 1.177.44;536;1177.44;15.0
DEB SERTAO I SOLAR ENERGIA SA - DEZ/2032;15/12/2032;12.93;17;R$ 813.99;1005;813.99;15.0
CRA BRF - ABR/2035;16/04/2035;12.879999999999999;31;R$ 1.082.63;4774;1082.63;15.0
DEB TUCANO III - SET/2041;15/09/2041;12.879999999999999;32;R$ 1.255.01;599;1255.01;15.0
CRI BIOMA XP - ABR/2036;15/04/2036;12.83;27;R$ 1.094.03;566;1094.03;15.0
CRI CURY - JAN/2035;15/01/2035;12.83;30;R$ 1.123.70;958;1123.7;15.0
CRA JBS - ABR/2037;15/04/2037;12.83;24;R$ 1.080.94;766;1080.94;15.0
CRA JBS - SET/2037;15/09/2037;12.83;24;R$ 1.130.71;885;1130.71;15.0
CRA SEARA - SET/2034;15/09/2034;12.83;24;R$ 1.045.20;379;1045.2;15.0
CDCA BTG - JUL/2034;17/07/2034;12.780000000000001;28;R$ 1.034.08;495;1034.08;15.0
CRA BTG - SET/2033;15/09/2033;12.780000000000001;39;R$ 1.065.88;56;1065.88;15.0
CRA DEXCO - OUT/2033;17/10/2033;12.73;18;R$ 1.069.38;421;1069.38;15.0
DEB RUMO - JUN/2031;15/06/2031;12.73;15;R$ 1.159.68;275;1159.68;15.0
DEB RUMO - JUN/2031;15/06/2031;12.73;14;R$ 1.143.10;310;1143.1;15.0
CRI REDE D'OR - DEZ/2036;15/12/2036;12.629999999999999;27;R$ 1.141.75;1085;1141.75;15.0
DEB AUREN ENERGIA - ABR/2035;15/04/2035;12.629999999999999;31;R$ 1.057.74;4992;1057.74;15.0
DEB RUMO - ABR/2030;15/04/2030;12.629999999999999;12;R$ 1.382.04;880;1382.04;15.0
DEB CPFL - MAI/2035;15/05/2035;12.58;28;R$ 1.015.34;5000;1015.34;15.0
DEB RGE SUL - MAI/2035;15/05/2035;12.58;26;R$ 1.015.34;5000;1015.34;15.0
DEB MATA DE SANTA GENEBRA - NOV/2037;15/11/2037;12.58;30;R$ 1.091.25;585;1091.25;15.0
DEB RUMO - JUN/2036;15/06/2036;12.58;26;R$ 1.068.29;510;1068.29;15.0
DEB TAESA - ABR/2032;15/04/2032;12.58;15;R$ 1.102.16;556;1102.16;15.0
DEB CPFL - OUT/2035;15/10/2035;12.530000000000001;26;R$ 1.057.14;504;1057.14;15.0
DEB SAO MARTINHO - JAN/2037;15/01/2037;12.530000000000001;24;R$ 1.145.28;550;1145.28;15.0
DEB ENEVA - SET/2035;15/09/2035;12.48;30;R$ 1.176.12;1198;1176.12;15.0
DEB ENEVA - SET/2037;15/09/2037;12.48;31;R$ 1.189.67;1052;1189.67;15.0
DEB ENGIE - JAN/2032;15/01/2032;12.48;16;R$ 1.075.64;4781;1075.64;15.0
DEB ENEVA - JUL/2037;15/07/2037;12.48;30;R$ 1.153.36;926;1153.36;15.0
DEB UHE SAO SIMAO - OUT/2036;15/10/2036;12.48;28;R$ 1.164.09;647;1164.09;15.0
DEB CHESF - JUN/2031;15/06/2031;12.43;17;R$ 1.060.00;4953;1060;15.0
DEB ENGIE - SET/2046;15/09/2046;12.43;26;R$ 1.105.93;1028;1105.93;15.0
DEB CEEE-T - OUT/2033;15/10/2033;12.43;18;R$ 1.070.08;1940;1070.08;15.0
DEB ELETROBRAS - SET/2031;15/09/2031;12.43;17;R$ 1.093.55;1595;1093.55;15.0
DEB ENEVA - SET/2042;15/09/2042;12.43;33;R$ 1.220.66;594;1220.66;15.0
DEB RGE - CPFL ENERGIA - ABR/2034;15/04/2034;12.379999999999999;24;R$ 1.040.71;4966;1040.71;15.0
DEB ISA ENERGIA - MAR/2033;15/03/2033;12.379999999999999;17;R$ 1.072.84;4713;1072.84;15.0
DEB RUMO - MAR/2039;15/03/2039;12.379999999999999;27;R$ 1.020.46;1044;1020.46;15.0
DEB ISA ENERGIA - JUN/2033;15/06/2033;12.379999999999999;17;R$ 1.074.12;5000;1074.12;15.0
DEB RUMO - DEZ/2035;15/12/2035;12.379999999999999;24;R$ 1.079.87;797;1079.87;15.0
DEB SABESP - DEZ/2036;15/12/2036;12.33;29;R$ 1.133.58;496;1133.58;15.0
DEB CEMIG - FEV/2034;15/02/2034;12.280000000000001;35;R$ 1.063.62;1853;1063.62;15.0
DEB TAESA - ABR/2037;15/04/2037;12.23;25;R$ 1.106.01;496;1106.01;15.0
DEB CTEEP - OUT/2039;15/10/2039;12.18;28;R$ 1.176.73;628;1176.73;15.0
DEB ELETROBRAS - SET/2034;15/09/2034;12.18;24;R$ 1.093.81;4447;1093.81;15.0
DEB ENERGISA - ABR/2039;15/04/2039;12.18;28;R$ 1.071.74;1013;1071.74;15.0
DEB SABESP - JAN/2035;15/01/2035;12.129999999999999;26;R$ 1.140.10;4289;1140.1;15.0
DEB CTEEP - OUT/2038;15/10/2038;12.129999999999999;27;R$ 1.107.95;1022;1107.95;15.0
DEB CEMIG - MAR/2040;15/03/2040;12.08;36;R$ 1.142.81;3903;1142.81;15.0
DEB SUZANO - SET/2038;15/09/2038;12.030000000000001;26;R$ 1.103.59;913;1103.59;15.0
DEB SUZANO - MAI/2036;15/05/2036;12.030000000000001;25;R$ 1.053.27;4601;1053.27;15.0
DEB SABESP - JAN/2040;15/01/2040;11.98;28;R$ 1.162.47;4293;1162.47;15.0
DEB CTEEP - OUT/2039;15/10/2039;11.98;27;R$ 1.089.19;5000;1089.19;15.0
DEB KLABIN - AGO/2039;15/08/2039;11.93;28;R$ 1.058.85;4224;1058.85;15.0
DEB VALE - OUT/2036;15/10/2036;11.73;25;R$ 1.090.41;4363;1090.41;15.0
DEB CTEEP - OUT/2036;15/10/2036;11.73;28;R$ 1.169.10;2641;1169.1;15.0
DEB VALE - OUT/2034;15/10/2034;11.68;22;R$ 1.084.89;4931;1084.89;15.0
DEB VALE - OUT/2039;15/10/2039;11.629999999999999;26;R$ 1.105.70;4798;1105.7;15.0
DEB SIMPAR - DEZ/2032;20/12/2032;14.75;17;R$ 929.97;124;929.97;15.0
DEB MOVIDA - ABR/2027;05/04/2027;14.35;13;R$ 1.008.76;6;1008.76;18.0
DEB MOVIDA - SET/2029;15/09/2029;14.25;19;R$ 991.98;725;991.98;15.0
CRA UBYFOL - MAI/2029;21/05/2029;12.55;29;R$ 1.001.27;4948;1001.27;15.0
CRA FS FLORESTAL - MAR/2031;17/03/2031;12.1;27;R$ 1.007.50;4981;1007.5;15.0
DEB VAMOS - OUT/2031;15/10/2031;11.85;18;R$ 1.036.13;284;1036.13;15.0
CRA FS BIO - JUN/2030;17/06/2030;11.65;26;R$ 988.19;462;988.19;15.0
CRA FS BIO - OUT/2029;15/10/2029;11.55;24;R$ 1.020.52;366;1020.52;15.0
CRA FS BIO - DEZ/2029;17/12/2029;11.55;24;R$ 1.021.03;741;1021.03;15.0
CRI PATRIMAR - NOV/2029;23/11/2029;11.4;19;R$ 1.006.48;665;1006.48;15.0
CRI PATRIMAR - ABR/2029;24/04/2029;11.35;19;R$ 1.004.81;439;1004.81;15.0
FIDC CONSIGNADO INSS - MAR/2030;15/03/2030;11.35;16;R$ 0.68;1272661;0.68;15.0
DEB QUALICORP CONSULTORIA E C - JUN/2027;03/06/2027;11.25;13;R$ 502.73;410;502.73;18.0
LF BMG - JUN/2030;19/06/2030;10.55;15;R$ 50.000.00;400;50000;15.0
LF BMG - JUN/2029;19/06/2029;10.45;12;R$ 50.000.00;395;50000;15.0
LF PINE - JUN/2029;19/06/2029;10.35;12;R$ 50.000.00;400;50000;15.0
CRI ÂNIMA HOLDING S.A. - DEZ/2027;15/12/2027;10.34;21;R$ 1.013.40;800;1013.4;15.0
LF BRB - JUN/2027;20/06/2027;10.25;3;R$ 50.000.00;1994;50000;15.0
LF PINE - JUN/2028;19/06/2028;10.25;8;R$ 50.000.00;400;50000;15.0
CRA VAMOS - JAN/2030;15/01/2030;10.25;23;R$ 1.362.05;142;1362.05;15.0
LF BMG - JUN/2028;19/06/2028;10.2;8;R$ 50.000.00;400;50000;15.0
LF PINE - JUN/2027;20/06/2027;10.2;5;R$ 50.000.00;400;50000;15.0
DEB AEGEA - OUT/2028;04/10/2028;10.15;10;R$ 1.051.29;300;1051.29;15.0
CRA CMAA - OUT/2034;16/10/2034;10.15;18;R$ 1.059.33;375;1059.33;15.0
LF BMG - JUN/2027;20/06/2027;10.05;5;R$ 50.000.00;398;50000;15.0
CRI BMG - NOV/2028;16/11/2028;9.9;22;R$ 1.248.20;2;1248.2;15.0
CRA IRANI - AGO/2029;15/08/2029;9.75;18;R$ 1.086.94;154;1086.94;15.0
DEB C&A MODAS - NOV/2025;13/11/2025;9.65;23;R$ 1.024.09;960;1024.09;23.0
LF BANCO INDUSTRIAL DO BRASI - ABR/2028;03/04/2028;9.55;4;R$ 59.279.13;11;59279.13;15.0
CRA MINERVA - ABR/2032;15/04/2032;9.5;25;R$ 1.030.20;492;1030.2;15.0
LF AGIBANK - DEZ/2025;08/12/2025;9.45;2;R$ 61.404.07;11;61404.07;23.0
LF AGIBANK - DEZ/2026;07/12/2026;9.45;2;R$ 62.858.44;6;62858.44;18.0
LF BANCO PAN S/A - NOV/2029;06/11/2029;9.35;5;R$ 63.912.51;5;63912.51;15.0
LF DAYCOVAL - JAN/2028;24/01/2028;9.3;3;R$ 70.907.08;13;70907.08;15.0
CRA Marfrig - MAR/2029;15/03/2029;9.3;14;R$ 1.064.92;108;1064.92;15.0
LF BANCO PAN S/A - NOV/2027;08/11/2027;9.25;2;R$ 62.446.29;5;62446.29;15.0
LFSN BANCO SAFRA S/A - SET/2026;16/09/2026;9.2;8;R$ 513.407.16;2;513407.16;18.0
CRA UBYFOL - MAI/2028;22/05/2028;10.915;29;R$ 1.021.09;535;1021.09;15.0
LFSN MERCANTIL DO BRASIL - JAN/2030;28/01/2030;10.2675;12;R$ 475.155.99;2;475155.99;15.0
LF BANCO BARI DE INVESTIMENT - JUN/2027;20/06/2027;9.805;9;R$ 50.000.00;59;50000;15.0
CRI MRV - OUT/2029;15/10/2029;9.805;18;R$ 1.043.54;42;1043.54;15.0
LF DAYCOVAL - OUT/2029;25/10/2029;9.435;5;R$ 61.928.98;1;61928.98;15.0
LF DAYCOVAL - JAN/2028;19/01/2028;9.3425;3;R$ 69.010.58;2;69010.58;15.0
LF BANCO XP S.A. - AGO/2026;17/08/2026;9.25;2;R$ 63.272.71;1;63272.71;18.0
LF BANCO XP S.A. - JAN/2027;29/01/2027;9.25;2;R$ 59.769.77;1;59769.77;18.0
LF BANCO XP S.A. - JUN/2030;19/06/2030;9.189875;6;R$ 50.000.00;1000;50000;15.0
LF BANCO XP S.A. - JUN/2029;19/06/2029;9.176;4;R$ 50.000.00;1000;50000;15.0
LF PAGBANK - DEZ/2025;15/12/2025;9.1575;2;R$ 60.116.50;2;60116.5;23.0
LF BANCO XP S.A. - MAI/2026;18/05/2026;9.1575;2;R$ 65.428.43;1;65428.43;20.0
LF DAYCOVAL - MAR/2026;04/03/2026;9.1575;2;R$ 58.478.70;1;58478.7;20.0
CRI JHSF - MAR/2030;15/03/2030;9.1575;14;R$ 1.062.22;1;1062.22;15.0
LF BANCO XP S.A. - JUN/2028;19/06/2028;9.139;3;R$ 50.000.00;1000;50000;15.0
LF BANCO XP S.A. - AGO/2025;18/08/2025;9.11125;2;R$ 62.820.71;1;62820.71;23.0
LFSN BANCO SAFRA S/A - AGO/2025;11/08/2025;9.065;8;R$ 555.804.39;1;555804.39;23.0
LF BANCO XP S.A. - JUN/2027;20/06/2027;9.060375;2;R$ 50.000.00;1999;50000;15.0
CRI ALLOS (BR MALLS) - JAN/2032;22/01/2032;8.9725;13;R$ 1.028.31;6;1028.31;15.0
CRI OPEA SECURITIZADORA S/A - JAN/2032;15/01/2032;8.9725;15;R$ 1.065.09;328;1065.09;15.0
CRI OPEA SECURITIZADORA S/A - JAN/2030;15/01/2030;8.879999999999999;14;R$ 1.062.52;147;1062.52;15.0
CRI IGUATEMI - FEV/2032;17/02/2032;8.7875;17;R$ 1.061.36;3000;1061.36;15.0
CDCA BTG - JUL/2034;17/07/2034;8.7875;28;R$ 1.123.60;73;1123.6;15.0
CRA BTG - SET/2033;15/09/2033;8.7875;28;R$ 1.135.14;7;1135.14;15.0
CRI IGUATEMI - FEV/2030;18/02/2030;8.77825;14;R$ 1.041.20;1805;1041.2;15.0
CRI CYRELA - ABR/2030;15/04/2030;8.695;12;R$ 1.031.29;4435;1031.29;15.0
CRI ALBERT EINSTEIN - AGO/2029;17/08/2029;8.602500000000001;10;R$ 1.055.39;181;1055.39;15.0
CRA SÃO MARTINHO - ABR/2027;12/04/2027;8.51;7;R$ 1.037.11;449;1037.11;18.0
LIG BANCO SANTANDER SA - JUL/2025;07/07/2025;8.14;-;R$ 0.01;390244983;0.01;23.0
Prefixado 2028;01/01/2028;13.55;10;R$ 725.63;999999999;R$ 7.25;15.0
Selic 2028;01/03/2028;9.2994;1;R$ 16.766.73;999999999;R$ 167.66;15.0
5.78 + 2029;15/05/2029;13.350000000000001;9;R$ 3.409.32;999999999;R$ 34.09;15.0
Educa+ 2026;15/12/2030;13.72;12;R$ 3.614.27;999999999;R$ 36.14;15.0
Selic 2031;01/03/2031;9.3567;1;R$ 16.688.00;999999999;R$ 166.88;15.0
Educa+ 2027;15/12/2031;13.48;14;R$ 3.379.26;999999999;R$ 33.79;15.0
Prefixado 2032;01/01/2032;13.71;22;R$ 434.04;999999999;R$ 4.34;15.0
Educa+ 2028;15/12/2032;13.32;15;R$ 3.161.70;999999999;R$ 31.61;15.0
Educa+ 2029;15/12/2033;13.21;17;R$ 2.958.95;999999999;R$ 29.58;15.0
Educa+ 2030;15/12/2034;13.14;18;R$ 2.767.30;999999999;R$ 27.67;15.0
Prefixado com Juros Semestrais 2035;01/01/2035;13.84;32;R$ 857.12;999999999;R$ 8.57;15.0
5.78 + com Juros Semestrais 2035;15/05/2035;13.06;19;R$ 4.168.19;999999999;R$ 41.68;15.0
Educa+ 2031;15/12/2035;13.08;19;R$ 2.589.68;999999999;R$ 25.89;15.0
Educa+ 2032;15/12/2036;13.02;21;R$ 2.426.33;999999999;R$ 24.26;15.0
Educa+ 2033;15/12/2037;12.95;22;R$ 2.278.08;999999999;R$ 22.78;15.0
Educa+ 2034;15/12/2038;12.89;23;R$ 2.139.86;999999999;R$ 21.39;15.0
Educa+ 2035;15/12/2039;12.84;24;R$ 2.010.02;999999999;R$ 20.10;15.0
5.78 + 2040;15/08/2040;12.72;25;R$ 1.644.74;999999999;R$ 16.44;15.0
Educa+ 2036;15/12/2040;12.8;25;R$ 1.887.14;999999999;R$ 18.87;15.0
Educa+ 2037;15/12/2041;12.77;26;R$ 1.770.74;999999999;R$ 17.70;15.0
Educa+ 2038;15/12/2042;12.74;28;R$ 1.662.48;999999999;R$ 16.62;15.0
Educa+ 2039;15/12/2043;12.73;29;R$ 1.556.96;999999999;R$ 15.56;15.0
Educa+ 2040;15/12/2044;12.72;30;R$ 1.458.53;999999999;R$ 14.58;15.0
5.78 + com Juros Semestrais 2045;15/05/2045;12.84;30;R$ 4.068.97;999999999;R$ 40.68;15.0
Educa+ 2041;15/12/2045;12.71;31;R$ 1.366.67;999999999;R$ 13.66;15.0
Educa+ 2042;15/12/2046;12.71;32;R$ 1.278.66;999999999;R$ 12.78;15.0
Educa+ 2043;15/12/2047;12.7;33;R$ 1.198.64;999999999;R$ 11.98;15.0
Renda+ Aposentadoria Extra 2030;15/12/2049;12.83;36;R$ 1.822.66;999999999;R$ 18.22;15.0
5.78 + 2050;15/08/2050;12.65;37;R$ 858.78;999999999;R$ 8.58;15.0
Renda+ Aposentadoria Extra 2035;15/12/2054;12.72;41;R$ 1.322.42;999999999;R$ 13.22;15.0
Renda+ Aposentadoria Extra 2040;15/12/2059;12.66;42;R$ 959.28;999999999;R$ 9.59;15.0
5.78 + com Juros Semestrais 2060;15/08/2060;12.77;42;R$ 4.062.88;999999999;R$ 40.62;15.0
Renda+ Aposentadoria Extra 2045;15/12/2064;12.629999999999999;47;R$ 694.58;999999999;R$ 6.94;15.0
Renda+ Aposentadoria Extra 2050;15/12/2069;12.61;50;R$ 502.73;999999999;R$ 5.02;15.0
Renda+ Aposentadoria Extra 2055;15/12/2074;12.61;53;R$ 362.01;999999999;R$ 3.62;15.0
Renda+ Aposentadoria Extra 2060;15/12/2079;12.620000000000001;57;R$ 259.64;999999999;R$ 2.59;15.0
Renda+ Aposentadoria Extra 2065;15/12/2084;12.620000000000001;60;R$ 186.89;999999999;R$ 1.86;15.0
LTN - JAN/2026;01/01/2026;14.35;2;R$ 929.70;999999999;R$ 929.70;20.0
LTN - JUL/2026;01/07/2026;14.28;4;R$ 871.80;999999999;R$ 871.80;17.5
NTN-F - JAN/2027;01/01/2027;13.74;6;R$ 997.96;999999999;R$ 997.96;17.5
NTN-F - JAN/2035;01/01/2035;13.38;32;R$ 876.73;999999999;R$ 876.73;15.0
NTN-F - JAN/2031;01/01/2031;13.31;19;R$ 927.00;999999999;R$ 927.00;15.0
NTN-F - JAN/2033;01/01/2033;13.26;26;R$ 902.04;999999999;R$ 902.04;15.0
LTN - JAN/2030;01/01/2030;13.09;16;R$ 574.84;999999999;R$ 574.84;15.0
LTN - JAN/2028;01/01/2028;13.08;10;R$ 732.87;999999999;R$ 732.87;15.0
NTN-F - JAN/2029;01/01/2029;13.08;13;R$ 966.42;999999999;R$ 966.42;15.0
NTN-B - AGO/2026;15/08/2026;15.100000000000001;3;R$ 4.454.89;999999999;R$ 4.454.89;17.5
NTN-B - MAI/2027;15/05/2027;14.11;4;R$ 4.372.68;999999999;R$ 4.372.68;17.5
NTN-B - AGO/2028;15/08/2028;13.350000000000001;8;R$ 4.425.09;999999999;R$ 4.425.09;15.0
NTN-B - MAI/2029;15/05/2029;12.99;9;R$ 4.375.41;999999999;R$ 4.375.41;15.0
NTN-B - AGO/2030;15/08/2030;12.89;12;R$ 4.413.15;999999999;R$ 4.413.15;15.0
NTN-B - AGO/2032;15/08/2032;12.84;15;R$ 4.362.02;999999999;R$ 4.362.02;15.0
NTN-B - MAI/2033;15/05/2033;12.75;16;R$ 4.299.26;999999999;R$ 4.299.26;15.0
NTN-B - MAI/2035;15/05/2035;12.629999999999999;19;R$ 4.292.27;999999999;R$ 4.292.27;15.0
NTN-B - AGO/2040;15/08/2040;12.43;25;R$ 4.354.92;999999999;R$ 4.354.92;15.0
NTN-B - MAI/2045;15/05/2045;12.39;30;R$ 4.267.46;999999999;R$ 4.267.46;15.0
NTN-C - JAN/2031;01/01/2031;14.78;13;R$ 8.437.80;999999999;R$ 8.437.80;15.0
NTN-B - AGO/2050;15/08/2050;12.34;37;R$ 4.328.21;999999999;R$ 4.328.21;15.0
NTN-B - AGO/2060;15/08/2060;12.32;42;R$ 4.305.51;999999999;R$ 4.305.51;15.0
NTN-B - MAI/2055;15/05/2055;12.3;41;R$ 4.265.47;999999999;R$ 4.265.47;15.0
LFT - SET/2028;01/09/2028;9.287;1;R$ 16.759.81;999999999;R$ 16.759.81;15.0
LFT - MAR/2028;01/03/2028;9.264;1;R$ 16.773.15;999999999;R$ 16.773.15;15.0
LFT - SET/2027;01/09/2027;9.258;1;R$ 16.776.69;999999999;R$ 16.776.69;15.0
LFT - MAR/2027;01/03/2027;9.247;1;R$ 16.780.62;999999999;R$ 16.780.62;17.5
LFT - SET/2025;01/09/2025;9.222;1;R$ 16.780.62;999999999;R$ 16.780.62;22.5
LFT - MAR/2026;01/03/2026;9.219;1;R$ 16.783.27;999999999;R$ 16.783.27;20.0
LFT - SET/2026;01/09/2026;9.219;1;R$ 16.786.04;999999999;R$ 16.786.04;17.5